<?xml version='1.0' encoding='UTF-8'?>

<Properties version="4.1">
	<Property name="xslt.ignoreInput">false</Property>
	<Property name="ErrorSuppression" type="Boolean">true</Property>
	<Property name="xslt.params" type="List" />
	<Property name="xslt.transformer">net.sf.saxon.TransformerFactoryImpl</Property>
	<Property name="xslt.base64Zipped">true</Property>
	<Property name="xslt.stylesheet" type="XmlDocument">&lt;?xml version="1.0" encoding="UTF-8"?>
&lt;xsl:stylesheet xmlns:xsl="http://www.w3.org/1999/XSL/Transform" xmlns:xs="http://www.w3.org/2001/XMLSchema" xmlns:xsi="http://www.w3.org/2001/XMLSchema-instance" xmlns:isxp="com.inubit.ibis.xsltext.ISFunctions" version="2.0" exclude-result-prefixes="xs isxp">
  &lt;xsl:output method="xml" encoding="UTF-8"/>
  &lt;xsl:template match="/">&lt;queries>&lt;query type="call">&lt;method name="STAGING.SPEXECREQUEST">&lt;parameter direction="IN" type="VARCHAR">&lt;xsl:value-of select="isxp:serialize(node())"/>&lt;/parameter>&lt;/method>&lt;/query>&lt;/queries>
  &lt;/xsl:template>
&lt;/xsl:stylesheet></Property>
	<Property name="xslt.source">&lt;?xml version="1.0" encoding="UTF-8"?>
</Property>
	<Property name="xslt.target">&lt;?xml version="1.0" encoding="UTF-8"?>
</Property>
	<Property name="xslt.sourceVariables" type="Map" />
	<Property name="xslt.saveAtServer">true</Property>
</Properties>