<?xml version='1.0' encoding='UTF-8'?>

<Properties version="4.1">
	<Property name="xslt.ignoreInput">false</Property>
	<Property name="ErrorSuppression" type="Boolean">true</Property>
	<Property name="xslt.params" type="List">
		<Property name="varTableName">varTableName</Property>
		<Property name="varFieldValueTags">varFieldValueTags</Property>
		<Property name="varMetadataXML">varMetadataXML</Property>
	</Property>
	<Property name="xslt.transformer">net.sf.saxon.TransformerFactoryImpl</Property>
	<Property name="xslt.base64Zipped">true</Property>
	<Property name="xslt.stylesheet" type="XmlDocument">&lt;?xml version="1.0" encoding="UTF-8"?>
&lt;xsl:stylesheet xmlns:xsl="http://www.w3.org/1999/XSL/Transform" xmlns:xs="http://www.w3.org/2001/XMLSchema" xmlns:xsi="http://www.w3.org/2001/XMLSchema-instance" xmlns:formatter="com.inubit.ibis.xsltext.Formatter" version="2.0" exclude-result-prefixes="xs formatter">
  &lt;xsl:output method="xml" encoding="UTF-8"/>&lt;xsl:param name="varTableName"/>&lt;xsl:param name="varFieldValueTags" as="element()"/>&lt;xsl:param name="varMetadataXML" as="element()">&lt;Metadata>&lt;Column Index="1"&gt;&lt;Name Type="DECIMAL" Size1_="15" Size2__="0">RowIndex&lt;/Name>&lt;Value>21&lt;/Value>&lt;/Column>&lt;Column Index="2">&lt;Name Type="VARCHAR" Size1_="1" Size2__="">TransactionType&lt;/Name>&lt;Value>U&lt;/Value>&lt;/Column>&lt;Column Index="3">&lt;Name Type="VARCHAR" Size1_="26" Size2__="">MW_TRANSACTION_DATETIME&lt;/Name>&lt;Value>02014-07-22 15:36:29.467&lt;/Value>&lt;/Column>&lt;Column Index="4">&lt;Name Type="VARCHAR" Size1_="26" Size2__="">AS_TRANSACTION_DATETIME&lt;/Name>&lt;Value>2014-06-30-18.10.15.279000&lt;/Value>&lt;/Column>&lt;Column Index="5">&lt;Name Type="DECIMAL" Size1_="3" Size2__="0">Priority&lt;/Name>&lt;Value>1&lt;/Value>&lt;/Column>&lt;/Metadata>&lt;/xsl:param>
  &lt;xsl:template match="/">&lt;queries xmlns:fn="http://www.w3.org/2005/xpath-functions">&lt;query type="call">&lt;method name="{concat('STAGING.SPInsertSTG_',$varTableName)}">&lt;xsl:for-each select="$varFieldValueTags/fieldValue">&lt;parameter direction="IN" type="VARCHAR">&lt;xsl:value-of select="text()"/>&lt;/parameter>&lt;/xsl:for-each>&lt;xsl:for-each select="/Metadata/Column">&lt;xsl:choose>&lt;xsl:when test="Name/@Type='Decimal'">&lt;parameter direction="IN" type="NUMERIC">&lt;xsl:value-of select="Value/text()"/>&lt;/parameter>&lt;/xsl:when>&lt;xsl:otherwise>&lt;parameter direction="IN" type="VARCHAR">&lt;xsl:value-of select="Value/text()"/>&lt;/parameter>&lt;/xsl:otherwise>&lt;/xsl:choose>&lt;/xsl:for-each>&lt;parameter direction="OUT" type="VARCHAR"/>&lt;parameter direction="OUT" type="VARCHAR"/>&lt;parameter direction="OUT" type="VARCHAR"/>&lt;/method>&lt;/query>&lt;/queries>
  &lt;/xsl:template>
&lt;/xsl:stylesheet></Property>
	<Property name="xslt.source">&lt;?xml version="1.0" encoding="UTF-8"?>
&lt;Metadata xmlns:xsi="http://www.w3.org/2001/XMLSchema-instance" xmlns:fn="http://www.w3.org/2005/xpath-functions">&lt;Column Index="1">&lt;Name Type="Decimal" Size1_="15" Size2__="0">RowIndex&lt;/Name>&lt;Value>950947&lt;/Value>&lt;/Column>&lt;Column Index="2">&lt;Name Type="Nvarchar" Size1_="1" Size2__="">TransactionType&lt;/Name>&lt;Value>U&lt;/Value>&lt;/Column>&lt;Column Index="3">&lt;Name Type="Nvarchar" Size1_="26" Size2__="">MW_TRANSACTION_DATETIME&lt;/Name>&lt;Value>2015-05-15 05:07:41.271&lt;/Value>&lt;/Column>&lt;Column Index="4">&lt;Name Type="Nvarchar" Size1_="26" Size2__="">AS_TRANSACTION_DATETIME&lt;/Name>&lt;Value>2015-05-15 05:07:41.271&lt;/Value>&lt;/Column>&lt;Column Index="5">&lt;Name Type="Decimal" Size1_="1" Size2__="0">Priority&lt;/Name>&lt;Value>1&lt;/Value>&lt;/Column>&lt;Column Index="6">&lt;Name Type="Decimal" Size1_="30" Size2__="0">BufRecSeqNo&lt;/Name>&lt;Value>950947&lt;/Value>&lt;/Column>&lt;Column Index="7">&lt;Name Type="Nvarchar" Size1_="10" Size2__="">BufferTableName&lt;/Name>&lt;Value>JPNBUFL1  &lt;/Value>&lt;/Column>&lt;/Metadata></Property>
	<Property name="xslt.target"></Property>
	<Property name="xslt.sourceVariables" type="Map">
		<Property name="ISWorkflowName">Apac-Stg-ProcessBufferData</Property>
		<Property name="RequestId">1431683476754</Property>
		<Property name="ISServerName">ip-10-128-49-207.ap-southeast-1.compute.internal</Property>
		<Property name="varStrDateStrip">118381|Apac-Stg-ProcessBufferData|05:51:16</Property>
		<Property name="ISInvokingWorkflow">Apac-Stg_1Rec_ListenerL</Property>
		<Property name="ISModuleId">2133844903</Property>
		<Property name="varBufRow" type="XmlDocument">&lt;?xml version="1.0" encoding="UTF-8"?>
&lt;Row xmlns:xsi="http://www.w3.org/2001/XMLSchema-instance">&lt;C>070&lt;/C>&lt;S>Ð&lt;/S>&lt;BT>JPNBUFL1  &lt;/BT>&lt;BS>950947&lt;/BS>&lt;ST>OORDDTA&lt;/ST>&lt;SD>123553394Ð38275ÐSOPÐDÐ11409Ð11409Ð1140912Ð0Ð08Ð01Ð4048089Ð01Ð4048089ÐÐ0Ð0Ð070Ð1Ð4990400Ð4048089Ð1Ð11660.00Ð11660.00Ð.00Ð.00Ð.00Ð.00Ð.00Ð.00Ð.00Ð.00Ð.00Ð.00Ð.00Ð12960.00Ð9330.00Ð1.34ÐU05ÐDÐNÐ11409Ð0Ð0Ð0Ð1140912Ð60355Ð1ÐKÐ001Ð0Ð0ÐNÐNÐNÐCÐYÐYÐYÐNÐNÐÐYÐYÐYÐ0Ð0ÐNÐ1140912ÐÐ80903300445ÐNÐNÐ123553394Ð123553394Ð123553394Ð123553394Ð123553394Ð193916ÐAJ83891Ð.00ÐÐÐÐ&lt;/SD>&lt;TC>U&lt;/TC>&lt;/Row></Property>
		<Property name="varFieldValueTags" type="XmlDocument">&lt;?xml version="1.0" encoding="UTF-8"?>
&lt;FieldValues xmlns:xsi="http://www.w3.org/2001/XMLSchema-instance" xmlns:fn="http://www.w3.org/2005/xpath-functions">&lt;fieldValue>123553394&lt;/fieldValue>&lt;fieldValue>38275&lt;/fieldValue>&lt;fieldValue>SOP&lt;/fieldValue>&lt;fieldValue>D&lt;/fieldValue>&lt;fieldValue>11409&lt;/fieldValue>&lt;fieldValue>11409&lt;/fieldValue>&lt;fieldValue>1140912&lt;/fieldValue>&lt;fieldValue>0&lt;/fieldValue>&lt;fieldValue>08&lt;/fieldValue>&lt;fieldValue>01&lt;/fieldValue>&lt;fieldValue>4048089&lt;/fieldValue>&lt;fieldValue>01&lt;/fieldValue>&lt;fieldValue>4048089&lt;/fieldValue>&lt;fieldValue/>&lt;fieldValue>0&lt;/fieldValue>&lt;fieldValue>0&lt;/fieldValue>&lt;fieldValue>070&lt;/fieldValue>&lt;fieldValue>1&lt;/fieldValue>&lt;fieldValue>4990400&lt;/fieldValue>&lt;fieldValue>4048089&lt;/fieldValue>&lt;fieldValue>1&lt;/fieldValue>&lt;fieldValue>11660.00&lt;/fieldValue>&lt;fieldValue>11660.00&lt;/fieldValue>&lt;fieldValue>.00&lt;/fieldValue>&lt;fieldValue>.00&lt;/fieldValue>&lt;fieldValue>.00&lt;/fieldValue>&lt;fieldValue>.00&lt;/fieldValue>&lt;fieldValue>.00&lt;/fieldValue>&lt;fieldValue>.00&lt;/fieldValue>&lt;fieldValue>.00&lt;/fieldValue>&lt;fieldValue>.00&lt;/fieldValue>&lt;fieldValue>.00&lt;/fieldValue>&lt;fieldValue>.00&lt;/fieldValue>&lt;fieldValue>.00&lt;/fieldValue>&lt;fieldValue>12960.00&lt;/fieldValue>&lt;fieldValue>9330.00&lt;/fieldValue>&lt;fieldValue>1.34&lt;/fieldValue>&lt;fieldValue>U05&lt;/fieldValue>&lt;fieldValue>D&lt;/fieldValue>&lt;fieldValue>N&lt;/fieldValue>&lt;fieldValue>11409&lt;/fieldValue>&lt;fieldValue>0&lt;/fieldValue>&lt;fieldValue>0&lt;/fieldValue>&lt;fieldValue>0&lt;/fieldValue>&lt;fieldValue>1140912&lt;/fieldValue>&lt;fieldValue>60355&lt;/fieldValue>&lt;fieldValue>1&lt;/fieldValue>&lt;fieldValue>K&lt;/fieldValue>&lt;fieldValue>001&lt;/fieldValue>&lt;fieldValue>0&lt;/fieldValue>&lt;fieldValue>0&lt;/fieldValue>&lt;fieldValue>N&lt;/fieldValue>&lt;fieldValue>N&lt;/fieldValue>&lt;fieldValue>N&lt;/fieldValue>&lt;fieldValue>C&lt;/fieldValue>&lt;fieldValue>Y&lt;/fieldValue>&lt;fieldValue>Y&lt;/fieldValue>&lt;fieldValue>Y&lt;/fieldValue>&lt;fieldValue>N&lt;/fieldValue>&lt;fieldValue>N&lt;/fieldValue>&lt;fieldValue/>&lt;fieldValue>Y&lt;/fieldValue>&lt;fieldValue>Y&lt;/fieldValue>&lt;fieldValue>Y&lt;/fieldValue>&lt;fieldValue>0&lt;/fieldValue>&lt;fieldValue>0&lt;/fieldValue>&lt;fieldValue>N&lt;/fieldValue>&lt;fieldValue>1140912&lt;/fieldValue>&lt;fieldValue/>&lt;fieldValue>80903300445&lt;/fieldValue>&lt;fieldValue>N&lt;/fieldValue>&lt;fieldValue>N&lt;/fieldValue>&lt;fieldValue>123553394&lt;/fieldValue>&lt;fieldValue>123553394&lt;/fieldValue>&lt;fieldValue>123553394&lt;/fieldValue>&lt;fieldValue>123553394&lt;/fieldValue>&lt;fieldValue>123553394&lt;/fieldValue>&lt;fieldValue>193916&lt;/fieldValue>&lt;fieldValue>AJ83891&lt;/fieldValue>&lt;fieldValue>.00&lt;/fieldValue>&lt;fieldValue/>&lt;fieldValue/>&lt;fieldValue/>&lt;/FieldValues></Property>
		<Property name="varToken">Ð</Property>
		<Property name="varTableName">OORDDTA</Property>
		<Property name="ISUserName">Amway</Property>
		<Property name="ISGlobalProcessId">118381</Property>
		<Property name="varCountryCode">070</Property>
		<Property name="ISInvokingModule">Call_1RecordProcessorTWF</Property>
		<Property name="ISCurrentTime">1431683476760</Property>
		<Property name="varSrcTime">2015-05-01-14.55.59.839000</Property>
		<Property name="varMetadataXML" type="XmlDocument">&lt;?xml version="1.0" encoding="UTF-8"?>
&lt;Metadata xmlns:xsi="http://www.w3.org/2001/XMLSchema-instance" xmlns:fn="http://www.w3.org/2005/xpath-functions">&lt;Column Index="1">&lt;Name Type="Decimal" Size1_="15" Size2__="0">RowIndex&lt;/Name>&lt;Value>950947&lt;/Value>&lt;/Column>&lt;Column Index="2">&lt;Name Type="Nvarchar" Size1_="1" Size2__="">TransactionType&lt;/Name>&lt;Value>U&lt;/Value>&lt;/Column>&lt;Column Index="3">&lt;Name Type="Nvarchar" Size1_="26" Size2__="">MW_TRANSACTION_DATETIME&lt;/Name>&lt;Value>2015-05-15 05:07:41.271&lt;/Value>&lt;/Column>&lt;Column Index="4">&lt;Name Type="Nvarchar" Size1_="26" Size2__="">AS_TRANSACTION_DATETIME&lt;/Name>&lt;Value>2015-05-15 05:07:41.271&lt;/Value>&lt;/Column>&lt;Column Index="5">&lt;Name Type="Decimal" Size1_="1" Size2__="0">Priority&lt;/Name>&lt;Value>1&lt;/Value>&lt;/Column>&lt;Column Index="6">&lt;Name Type="Decimal" Size1_="30" Size2__="0">BufRecSeqNo&lt;/Name>&lt;Value>950947&lt;/Value>&lt;/Column>&lt;Column Index="7">&lt;Name Type="Nvarchar" Size1_="10" Size2__="">BufferTableName&lt;/Name>&lt;Value>JPNBUFL1  &lt;/Value>&lt;/Column>&lt;/Metadata></Property>
		<Property name="varBufBatPickupTime">2015-05-15 05:07:41.271</Property>
		<Property name="varBufferSequence">950947</Property>
		<Property name="varProcessingStartTS">2015-05-15 05:51:16.759</Property>
		<Property name="ISProcessId">118384</Property>
		<Property name="ISModuleName">BldMetadataXML2</Property>
	</Property>
	<Property name="xslt.saveAtServer">true</Property>
</Properties>