<?xml version='1.0' encoding='UTF-8'?>

<Properties version="4.1">
	<Property name="IgnoreWaitingAndError" type="Boolean">true</Property>
	<Property name="WorkflowName">Apac-Stg-DBConn-SQL-MultiSite</Property>
	<Property name="ErrorHandling" type="Boolean">true</Property>
	<Property name="ErrorSuppression" type="Boolean">true</Property>
	<Property name="CreateNewProcessId" type="Boolean">false</Property>
	<Property name="ModuleNameAndId">ChkSiteSQL(2134005272)</Property>
	<Property name="SynchronousMode" type="Boolean">true</Property>
</Properties>