<?xml version='1.0' encoding='UTF-8'?>

<Properties version="4.1">
	<Property name="xslt.ignoreInput">false</Property>
	<Property name="xslt.sourceVariablesURL">file:/C:/Users/aj83750/AppData/Roaming/inubit/Toolset/6.1/work/10.173.204.148_5000/aj83750/tmp/5f36d1bc0aada2110059b9674012dfb0</Property>
	<Property name="ErrorSuppression" type="Boolean">true</Property>
	<Property name="xslt.params" type="List">
		<Property name="varReplUpdateStartTS">varReplUpdateStartTS</Property>
		<Property name="varReplUpdateEndTS">varReplUpdateEndTS</Property>
		<Property name="varRecReplicationTS">varRecReplicationTS</Property>
		<Property name="varRecRegisterUpdateTS">varRecRegisterUpdateTS</Property>
		<Property name="varRecordId">varRecordId</Property>
		<Property name="varProcessingStartTS">varProcessingStartTS</Property>
		<Property name="varProcessingInitTS">varProcessingInitTS</Property>
	</Property>
	<Property name="xslt.transformer">net.sf.saxon.TransformerFactoryImpl</Property>
	<Property name="xslt.base64Zipped">true</Property>
	<Property name="xslt.stylesheet" type="XmlDocument">&lt;?xml version="1.0" encoding="UTF-8"?>
&lt;xsl:stylesheet xmlns:xsl="http://www.w3.org/1999/XSL/Transform" xmlns:xs="http://www.w3.org/2001/XMLSchema" xmlns:xsi="http://www.w3.org/2001/XMLSchema-instance" exclude-result-prefixes="xs" version="2.0">
  &lt;xsl:output method="xml" encoding="UTF-8"/>&lt;xsl:param name="varReplUpdateStartTS">2014-09-10 19:56:52.833&lt;/xsl:param>&lt;xsl:param name="varReplUpdateEndTS">2014-09-10 19:56:54.517&lt;/xsl:param>&lt;xsl:param name="varRecReplicationTS">2014-09-10 19:56:52.793&lt;/xsl:param>&lt;xsl:param name="varRecRegisterUpdateTS">2014-09-10 19:56:52.822&lt;/xsl:param>&lt;xsl:param name="varRecordId">9866628&lt;/xsl:param>&lt;xsl:param name="varProcessingStartTS">2014-09-10 19:56:52.745&lt;/xsl:param>&lt;xsl:param name="varProcessingInitTS">2014-09-10 11:58:49.953&lt;/xsl:param>
  &lt;xsl:template match="/">&lt;queries>
&lt;query type="call">  
 &lt;method name="STAGING.SPInsertReplicationTimeLog">&lt;parameter direction="IN" type="NUMERIC">&lt;xsl:value-of select="$varRecordId"/>&lt;/parameter>&lt;parameter direction="IN" type="VARCHAR">&lt;xsl:value-of select="$varProcessingInitTS"/>&lt;/parameter>&lt;parameter direction="IN" type="VARCHAR">&lt;xsl:value-of select="$varProcessingStartTS"/>&lt;/parameter>&lt;parameter direction="IN" type="VARCHAR">&lt;xsl:value-of select="$varRecReplicationTS"/>&lt;/parameter>&lt;parameter direction="IN" type="VARCHAR">&lt;xsl:value-of select="$varRecRegisterUpdateTS"/>&lt;/parameter>&lt;parameter direction="IN" type="VARCHAR">&lt;xsl:value-of select="$varReplUpdateStartTS"/>&lt;/parameter>&lt;parameter direction="IN" type="VARCHAR">&lt;xsl:value-of select="$varReplUpdateEndTS"/>&lt;/parameter>&lt;parameter direction="IN" type="VARCHAR">&lt;xsl:value-of select="'null'"/>&lt;/parameter>&lt;parameter direction="IN" type="VARCHAR">&lt;xsl:value-of select="'null'"/>&lt;/parameter>&lt;parameter direction="OUT" type="VARCHAR"/>&lt;parameter direction="OUT" type="VARCHAR"/>&lt;parameter direction="OUT" type="VARCHAR"/>
		
	 
	 
	 
	
	   
	 
	 
	 
 &lt;/method>
&lt;/query>
&lt;/queries>
  &lt;/xsl:template>
&lt;/xsl:stylesheet></Property>
	<Property name="xslt.source">file:/C:/Users/aj83750/AppData/Roaming/inubit/Toolset/6.1/work/10.173.204.148_5000/aj83750/tmp/5f36d1bc0aada21100e85425645d0285</Property>
	<Property name="xslt.target"></Property>
	<Property name="xslt.saveAtServer">false</Property>
</Properties>