<?xml version="1.0" encoding="UTF-8"?><IBISWorkflow version="5.3">
  <Modules>
    <ModuleGroup>
      <ModuleGroupName>Data Converter</ModuleGroupName>
    </ModuleGroup>
    <ModuleGroup>
      <ModuleGroupName>XSLT Converter</ModuleGroupName>
      <Module>
        <ModuleName>AddVariablesToEachRow</ModuleName>
        <InputMessageType>*</InputMessageType>
        <OutputMessageType>*</OutputMessageType>
        <PluginName>XSLT Converter</PluginName>
        <CheckinComment>@@@Server: ip-10-128-49-111.ap-southeast-1.compute.internal@@@Version: 5@@@Export/Deployment: 27.05.2015 23:36:52@@@</CheckinComment>
        <LastUpdate>15.05.2015 17:58:28</LastUpdate>
        <ExportUser>Amway</ExportUser>
        <IsActive>true</IsActive>
        <IsInputConnector>false</IsInputConnector>
        <IsOutputConnector>false</IsOutputConnector>
        <ErrorSuppression>true</ErrorSuppression>
      </Module>
      <Module version="head">
        <ModuleName>AssingVariable</ModuleName>
        <ModuleUId>-643efb0:14d092bd384:-7e00</ModuleUId>
        <InputMessageType>*</InputMessageType>
        <OutputMessageType>*</OutputMessageType>
        <PluginName>XSLT Converter</PluginName>
        <CheckinComment>@@@Server: ip-10-128-49-111.ap-southeast-1.compute.internal@@@Version: 3@@@Export/Deployment: 27.05.2015 23:36:52@@@</CheckinComment>
        <LastUpdate>30.04.2015 18:47:36</LastUpdate>
        <ExportUser>Amway</ExportUser>
        <IsActive>true</IsActive>
        <IsInputConnector>false</IsInputConnector>
        <IsOutputConnector>false</IsOutputConnector>
      </Module>
      <Module>
        <ModuleName>ErrMsgBuilder</ModuleName>
        <InputMessageType>*</InputMessageType>
        <OutputMessageType>*</OutputMessageType>
        <PluginName>XSLT Converter</PluginName>
        <CheckinComment>@@@Server: ip-10-128-49-111.ap-southeast-1.compute.internal@@@Version: 1@@@Export/Deployment: 27.05.2015 23:36:52@@@</CheckinComment>
        <LastUpdate>19.03.2015 17:10:46</LastUpdate>
        <ExportUser>Amway</ExportUser>
        <IsActive>true</IsActive>
        <IsInputConnector>false</IsInputConnector>
        <IsOutputConnector>false</IsOutputConnector>
        <ErrorSuppression>true</ErrorSuppression>
      </Module>
      <Module>
        <ModuleName>FormatRS1</ModuleName>
        <InputMessageType>*</InputMessageType>
        <OutputMessageType>*</OutputMessageType>
        <PluginName>XSLT Converter</PluginName>
        <CheckinComment>@@@Server: ip-10-128-49-111.ap-southeast-1.compute.internal@@@Version: 1@@@Export/Deployment: 27.05.2015 23:36:52@@@</CheckinComment>
        <LastUpdate>27.02.2015 11:21:49</LastUpdate>
        <ExportUser>Amway</ExportUser>
        <IsActive>true</IsActive>
        <IsInputConnector>false</IsInputConnector>
        <IsOutputConnector>false</IsOutputConnector>
      </Module>
      <Module>
        <ModuleName>InsReplTimeLog</ModuleName>
        <InputMessageType>*</InputMessageType>
        <OutputMessageType>*</OutputMessageType>
        <PluginName>XSLT Converter</PluginName>
        <CheckinComment>@@@Server: ip-10-128-49-111.ap-southeast-1.compute.internal@@@Version: 1@@@Export/Deployment: 27.05.2015 23:36:52@@@</CheckinComment>
        <LastUpdate>10.09.2014 20:01:07</LastUpdate>
        <ExportUser>Amway</ExportUser>
        <IsActive>true</IsActive>
        <IsInputConnector>false</IsInputConnector>
        <IsOutputConnector>false</IsOutputConnector>
        <ErrorSuppression>true</ErrorSuppression>
      </Module>
      <Module>
        <ModuleName>ManageReconciliation1</ModuleName>
        <InputMessageType>*</InputMessageType>
        <OutputMessageType>*</OutputMessageType>
        <PluginName>XSLT Converter</PluginName>
        <CheckinComment>@@@Server: ip-10-128-49-111.ap-southeast-1.compute.internal@@@Version: 1@@@Export/Deployment: 27.05.2015 23:36:52@@@</CheckinComment>
        <LastUpdate>27.02.2015 11:04:30</LastUpdate>
        <ExportUser>Amway</ExportUser>
        <IsActive>true</IsActive>
        <IsInputConnector>false</IsInputConnector>
        <IsOutputConnector>false</IsOutputConnector>
        <ErrorSuppression>true</ErrorSuppression>
      </Module>
      <Module>
        <ModuleName>RequestFormatter</ModuleName>
        <InputMessageType>xml</InputMessageType>
        <OutputMessageType>xml</OutputMessageType>
        <PluginName>XSLT Converter</PluginName>
        <CheckinComment>@@@Server: ip-10-128-49-111.ap-southeast-1.compute.internal@@@Version: 1@@@Export/Deployment: 27.05.2015 23:36:52@@@</CheckinComment>
        <LastUpdate>19.05.2015 19:54:29</LastUpdate>
        <ExportUser>Amway</ExportUser>
        <IsActive>true</IsActive>
        <IsInputConnector>false</IsInputConnector>
        <IsOutputConnector>false</IsOutputConnector>
        <ErrorSuppression>true</ErrorSuppression>
      </Module>
      <Module>
        <ModuleName>StgExeXmlRequest2</ModuleName>
        <InputMessageType>*</InputMessageType>
        <OutputMessageType>*</OutputMessageType>
        <PluginName>XSLT Converter</PluginName>
        <CheckinComment>@@@Server: ip-10-128-49-111.ap-southeast-1.compute.internal@@@Version: 14@@@Export/Deployment: 27.05.2015 23:36:52@@@</CheckinComment>
        <LastUpdate>26.05.2015 16:51:32</LastUpdate>
        <ExportUser>Amway</ExportUser>
        <IsActive>true</IsActive>
        <IsInputConnector>false</IsInputConnector>
        <IsOutputConnector>false</IsOutputConnector>
        <ErrorSuppression>true</ErrorSuppression>
      </Module>
      <Module>
        <ModuleName>StgInsQryBuilder1Monitor</ModuleName>
        <InputMessageType>*</InputMessageType>
        <OutputMessageType>*</OutputMessageType>
        <PluginName>XSLT Converter</PluginName>
        <CheckinComment>@@@Server: ip-10-128-49-111.ap-southeast-1.compute.internal@@@Version: 1@@@Export/Deployment: 27.05.2015 23:36:52@@@</CheckinComment>
        <LastUpdate>29.04.2015 23:13:36</LastUpdate>
        <ExportUser>Amway</ExportUser>
        <IsActive>true</IsActive>
        <IsInputConnector>false</IsInputConnector>
        <IsOutputConnector>false</IsOutputConnector>
        <ErrorSuppression>true</ErrorSuppression>
      </Module>
      <Module>
        <ModuleName>UpdBufStatus1</ModuleName>
        <InputMessageType>*</InputMessageType>
        <OutputMessageType>*</OutputMessageType>
        <PluginName>XSLT Converter</PluginName>
        <CheckinComment>@@@Server: ip-10-128-49-111.ap-southeast-1.compute.internal@@@Version: 1@@@Export/Deployment: 27.05.2015 23:36:52@@@</CheckinComment>
        <LastUpdate>18.03.2015 13:03:06</LastUpdate>
        <ExportUser>Amway</ExportUser>
        <IsActive>true</IsActive>
        <IsInputConnector>false</IsInputConnector>
        <IsOutputConnector>false</IsOutputConnector>
      </Module>
    </ModuleGroup>
    <ModuleGroup>
      <ModuleGroupName>Assign</ModuleGroupName>
      <Module>
        <ModuleName>Assign-1</ModuleName>
        <InputMessageType>*</InputMessageType>
        <OutputMessageType>*</OutputMessageType>
        <PluginName>Assign</PluginName>
        <CheckinComment>@@@Server: ip-10-128-49-111.ap-southeast-1.compute.internal@@@Version: 5@@@Export/Deployment: 27.05.2015 23:36:52@@@</CheckinComment>
        <LastUpdate>16.03.2015 15:34:34</LastUpdate>
        <ExportUser>Amway</ExportUser>
        <IsActive>true</IsActive>
        <IsInputConnector>false</IsInputConnector>
        <IsOutputConnector>false</IsOutputConnector>
        <ErrorSuppression>true</ErrorSuppression>
      </Module>
      <Module>
        <ModuleName>AssignSite</ModuleName>
        <InputMessageType>*</InputMessageType>
        <OutputMessageType>*</OutputMessageType>
        <PluginName>Assign</PluginName>
        <CheckinComment>@@@Server: ip-10-128-49-111.ap-southeast-1.compute.internal@@@Version: 1@@@Export/Deployment: 27.05.2015 23:36:52@@@</CheckinComment>
        <LastUpdate>17.03.2015 07:28:13</LastUpdate>
        <ExportUser>Amway</ExportUser>
        <IsActive>true</IsActive>
        <IsInputConnector>false</IsInputConnector>
        <IsOutputConnector>false</IsOutputConnector>
        <ErrorSuppression>true</ErrorSuppression>
      </Module>
      <Module>
        <ModuleName>InitProcessing</ModuleName>
        <InputMessageType>*</InputMessageType>
        <OutputMessageType>*</OutputMessageType>
        <PluginName>Assign</PluginName>
        <CheckinComment>@@@Server: ip-10-128-49-111.ap-southeast-1.compute.internal@@@Version: 1@@@Export/Deployment: 27.05.2015 23:36:52@@@</CheckinComment>
        <LastUpdate>04.08.2014 09:38:44</LastUpdate>
        <ExportUser>Amway</ExportUser>
        <IsActive>true</IsActive>
        <IsInputConnector>false</IsInputConnector>
        <IsOutputConnector>false</IsOutputConnector>
      </Module>
      <Module>
        <ModuleName>InitSplitter</ModuleName>
        <InputMessageType>*</InputMessageType>
        <OutputMessageType>*</OutputMessageType>
        <PluginName>Assign</PluginName>
        <CheckinComment>@@@Server: ip-10-128-49-111.ap-southeast-1.compute.internal@@@Version: 1@@@Export/Deployment: 27.05.2015 23:36:52@@@</CheckinComment>
        <LastUpdate>23.09.2014 18:34:25</LastUpdate>
        <ExportUser>Amway</ExportUser>
        <IsActive>true</IsActive>
        <IsInputConnector>false</IsInputConnector>
        <IsOutputConnector>false</IsOutputConnector>
      </Module>
      <Module>
        <ModuleName>Start</ModuleName>
        <InputMessageType>*</InputMessageType>
        <OutputMessageType>*</OutputMessageType>
        <PluginName>Assign</PluginName>
        <CheckinComment>@@@Server: ip-10-128-49-111.ap-southeast-1.compute.internal@@@Version: 1@@@Export/Deployment: 27.05.2015 23:36:52@@@</CheckinComment>
        <LastUpdate>17.03.2015 06:47:19</LastUpdate>
        <ExportUser>Amway</ExportUser>
        <IsActive>true</IsActive>
        <IsInputConnector>false</IsInputConnector>
        <IsOutputConnector>false</IsOutputConnector>
        <ErrorSuppression>true</ErrorSuppression>
      </Module>
    </ModuleGroup>
    <ModuleGroup>
      <ModuleGroupName>HTTP Connector</ModuleGroupName>
      <Module>
        <ModuleName>BuffDataReceiver</ModuleName>
        <InputMessageType>*</InputMessageType>
        <OutputMessageType>*</OutputMessageType>
        <PluginName>HTTP Connector</PluginName>
        <CheckinComment>@@@Server: ip-10-128-49-111.ap-southeast-1.compute.internal@@@Version: 10@@@Export/Deployment: 27.05.2015 23:36:52@@@</CheckinComment>
        <LastUpdate>26.05.2015 14:32:30</LastUpdate>
        <ExportUser>Amway</ExportUser>
        <IsActive>true</IsActive>
        <IsInputConnector>true</IsInputConnector>
        <IsOutputConnector>false</IsOutputConnector>
        <ErrorSuppression>true</ErrorSuppression>
      </Module>
      <Module>
        <ModuleName>HTTP_To_1RecordProcessorH</ModuleName>
        <InputMessageType>*</InputMessageType>
        <OutputMessageType>*</OutputMessageType>
        <PluginName>HTTP Connector</PluginName>
        <CheckinComment>@@@Server: ip-10-128-49-111.ap-southeast-1.compute.internal@@@Version: 5@@@Export/Deployment: 27.05.2015 23:36:52@@@</CheckinComment>
        <LastUpdate>14.05.2015 20:01:39</LastUpdate>
        <ExportUser>Amway</ExportUser>
        <IsActive>true</IsActive>
        <IsInputConnector>false</IsInputConnector>
        <IsOutputConnector>true</IsOutputConnector>
      </Module>
      <Module>
        <ModuleName>HTTP_To_1RecordProcessorL</ModuleName>
        <InputMessageType>*</InputMessageType>
        <OutputMessageType>*</OutputMessageType>
        <PluginName>HTTP Connector</PluginName>
        <CheckinComment>@@@Server: ip-10-128-49-111.ap-southeast-1.compute.internal@@@Version: 5@@@Export/Deployment: 27.05.2015 23:36:52@@@</CheckinComment>
        <LastUpdate>14.05.2015 20:02:49</LastUpdate>
        <ExportUser>Amway</ExportUser>
        <IsActive>true</IsActive>
        <IsInputConnector>false</IsInputConnector>
        <IsOutputConnector>true</IsOutputConnector>
      </Module>
      <Module>
        <ModuleName>HTTP_To_1RecordProcessorM</ModuleName>
        <InputMessageType>*</InputMessageType>
        <OutputMessageType>*</OutputMessageType>
        <PluginName>HTTP Connector</PluginName>
        <CheckinComment>@@@Server: ip-10-128-49-111.ap-southeast-1.compute.internal@@@Version: 5@@@Export/Deployment: 27.05.2015 23:36:52@@@</CheckinComment>
        <LastUpdate>14.05.2015 20:02:22</LastUpdate>
        <ExportUser>Amway</ExportUser>
        <IsActive>true</IsActive>
        <IsInputConnector>false</IsInputConnector>
        <IsOutputConnector>true</IsOutputConnector>
      </Module>
      <Module>
        <ModuleName>OneRecListenerH</ModuleName>
        <InputMessageType>*</InputMessageType>
        <OutputMessageType>*</OutputMessageType>
        <PluginName>HTTP Connector</PluginName>
        <CheckinComment>@@@Server: ip-10-128-49-111.ap-southeast-1.compute.internal@@@Version: 1@@@Export/Deployment: 27.05.2015 23:36:52@@@</CheckinComment>
        <LastUpdate>18.05.2015 12:24:15</LastUpdate>
        <ExportUser>Amway</ExportUser>
        <IsActive>true</IsActive>
        <IsInputConnector>true</IsInputConnector>
        <IsOutputConnector>false</IsOutputConnector>
      </Module>
      <Module>
        <ModuleName>OneRecListenerL</ModuleName>
        <InputMessageType>*</InputMessageType>
        <OutputMessageType>*</OutputMessageType>
        <PluginName>HTTP Connector</PluginName>
        <CheckinComment>@@@Server: ip-10-128-49-111.ap-southeast-1.compute.internal@@@Version: 1@@@Export/Deployment: 27.05.2015 23:36:52@@@</CheckinComment>
        <LastUpdate>18.05.2015 12:24:29</LastUpdate>
        <ExportUser>Amway</ExportUser>
        <IsActive>true</IsActive>
        <IsInputConnector>true</IsInputConnector>
        <IsOutputConnector>false</IsOutputConnector>
      </Module>
      <Module>
        <ModuleName>OneRecListenerM</ModuleName>
        <InputMessageType>*</InputMessageType>
        <OutputMessageType>*</OutputMessageType>
        <PluginName>HTTP Connector</PluginName>
        <CheckinComment>@@@Server: ip-10-128-49-111.ap-southeast-1.compute.internal@@@Version: 1@@@Export/Deployment: 27.05.2015 23:36:52@@@</CheckinComment>
        <LastUpdate>18.05.2015 12:24:42</LastUpdate>
        <ExportUser>Amway</ExportUser>
        <IsActive>true</IsActive>
        <IsInputConnector>true</IsInputConnector>
        <IsOutputConnector>false</IsOutputConnector>
      </Module>
    </ModuleGroup>
    <ModuleGroup>
      <ModuleGroupName>Workflow Connector</ModuleGroupName>
      <Module>
        <ModuleName>Call_1RecordProcessorTWF</ModuleName>
        <InputMessageType>*</InputMessageType>
        <OutputMessageType>*</OutputMessageType>
        <PluginName>Workflow Connector</PluginName>
        <CheckinComment>@@@Server: ip-10-128-49-111.ap-southeast-1.compute.internal@@@Version: 1@@@Export/Deployment: 27.05.2015 23:36:52@@@</CheckinComment>
        <LastUpdate>20.05.2015 16:31:51</LastUpdate>
        <ExportUser>Amway</ExportUser>
        <IsActive>true</IsActive>
        <IsInputConnector>false</IsInputConnector>
        <IsOutputConnector>false</IsOutputConnector>
      </Module>
      <Module>
        <ModuleName>Call_AsyncH</ModuleName>
        <InputMessageType>*</InputMessageType>
        <OutputMessageType>*</OutputMessageType>
        <PluginName>Workflow Connector</PluginName>
        <CheckinComment>@@@Server: ip-10-128-49-111.ap-southeast-1.compute.internal@@@Version: 1@@@Export/Deployment: 27.05.2015 23:36:52@@@</CheckinComment>
        <LastUpdate>19.05.2015 20:53:37</LastUpdate>
        <ExportUser>Amway</ExportUser>
        <IsActive>true</IsActive>
        <IsInputConnector>false</IsInputConnector>
        <IsOutputConnector>false</IsOutputConnector>
        <ErrorSuppression>true</ErrorSuppression>
      </Module>
      <Module>
        <ModuleName>Call_AsyncL</ModuleName>
        <InputMessageType>*</InputMessageType>
        <OutputMessageType>*</OutputMessageType>
        <PluginName>Workflow Connector</PluginName>
        <CheckinComment>@@@Server: ip-10-128-49-111.ap-southeast-1.compute.internal@@@Version: 1@@@Export/Deployment: 27.05.2015 23:36:52@@@</CheckinComment>
        <LastUpdate>19.05.2015 20:53:56</LastUpdate>
        <ExportUser>Amway</ExportUser>
        <IsActive>true</IsActive>
        <IsInputConnector>false</IsInputConnector>
        <IsOutputConnector>false</IsOutputConnector>
      </Module>
      <Module>
        <ModuleName>Call_AsyncM</ModuleName>
        <InputMessageType>*</InputMessageType>
        <OutputMessageType>*</OutputMessageType>
        <PluginName>Workflow Connector</PluginName>
        <CheckinComment>@@@Server: ip-10-128-49-111.ap-southeast-1.compute.internal@@@Version: 1@@@Export/Deployment: 27.05.2015 23:36:52@@@</CheckinComment>
        <LastUpdate>19.05.2015 20:54:22</LastUpdate>
        <ExportUser>Amway</ExportUser>
        <IsActive>true</IsActive>
        <IsInputConnector>false</IsInputConnector>
        <IsOutputConnector>false</IsOutputConnector>
      </Module>
      <Module>
        <ModuleName>Call_BuffDataDistributor</ModuleName>
        <InputMessageType>*</InputMessageType>
        <OutputMessageType>*</OutputMessageType>
        <PluginName>Workflow Connector</PluginName>
        <CheckinComment>@@@Server: ip-10-128-49-111.ap-southeast-1.compute.internal@@@Version: 8@@@Export/Deployment: 27.05.2015 23:36:52@@@</CheckinComment>
        <LastUpdate>19.05.2015 20:53:14</LastUpdate>
        <ExportUser>Amway</ExportUser>
        <IsActive>true</IsActive>
        <IsInputConnector>false</IsInputConnector>
        <IsOutputConnector>false</IsOutputConnector>
      </Module>
      <Module>
        <ModuleName>Call_H</ModuleName>
        <InputMessageType>*</InputMessageType>
        <OutputMessageType>*</OutputMessageType>
        <PluginName>Workflow Connector</PluginName>
        <CheckinComment>@@@Server: ip-10-128-49-111.ap-southeast-1.compute.internal@@@Version: 5@@@Export/Deployment: 27.05.2015 23:36:52@@@</CheckinComment>
        <LastUpdate>20.05.2015 18:24:37</LastUpdate>
        <ExportUser>Amway</ExportUser>
        <IsActive>true</IsActive>
        <IsInputConnector>false</IsInputConnector>
        <IsOutputConnector>false</IsOutputConnector>
      </Module>
      <Module>
        <ModuleName>Call_L</ModuleName>
        <InputMessageType>*</InputMessageType>
        <OutputMessageType>*</OutputMessageType>
        <PluginName>Workflow Connector</PluginName>
        <CheckinComment>@@@Server: ip-10-128-49-111.ap-southeast-1.compute.internal@@@Version: 5@@@Export/Deployment: 27.05.2015 23:36:52@@@</CheckinComment>
        <LastUpdate>20.05.2015 18:29:48</LastUpdate>
        <ExportUser>Amway</ExportUser>
        <IsActive>true</IsActive>
        <IsInputConnector>false</IsInputConnector>
        <IsOutputConnector>false</IsOutputConnector>
        <ErrorSuppression>true</ErrorSuppression>
      </Module>
      <Module>
        <ModuleName>Call_Last</ModuleName>
        <InputMessageType>*</InputMessageType>
        <OutputMessageType>*</OutputMessageType>
        <PluginName>Workflow Connector</PluginName>
        <CheckinComment>@@@Server: ip-10-128-49-111.ap-southeast-1.compute.internal@@@Version: 5@@@Export/Deployment: 27.05.2015 23:36:52@@@</CheckinComment>
        <LastUpdate>20.05.2015 16:56:49</LastUpdate>
        <ExportUser>Amway</ExportUser>
        <IsActive>true</IsActive>
        <IsInputConnector>false</IsInputConnector>
        <IsOutputConnector>false</IsOutputConnector>
      </Module>
      <Module>
        <ModuleName>Call_M</ModuleName>
        <InputMessageType>*</InputMessageType>
        <OutputMessageType>*</OutputMessageType>
        <PluginName>Workflow Connector</PluginName>
        <CheckinComment>@@@Server: ip-10-128-49-111.ap-southeast-1.compute.internal@@@Version: 5@@@Export/Deployment: 27.05.2015 23:36:52@@@</CheckinComment>
        <LastUpdate>20.05.2015 18:28:46</LastUpdate>
        <ExportUser>Amway</ExportUser>
        <IsActive>true</IsActive>
        <IsInputConnector>false</IsInputConnector>
        <IsOutputConnector>false</IsOutputConnector>
      </Module>
      <Module>
        <ModuleName>ExecXMLRequest2</ModuleName>
        <InputMessageType>*</InputMessageType>
        <OutputMessageType>*</OutputMessageType>
        <PluginName>Workflow Connector</PluginName>
        <CheckinComment>@@@Server: ip-10-128-49-111.ap-southeast-1.compute.internal@@@Version: 11@@@Export/Deployment: 27.05.2015 23:36:52@@@</CheckinComment>
        <LastUpdate>07.05.2015 15:39:07</LastUpdate>
        <ExportUser>Amway</ExportUser>
        <IsActive>true</IsActive>
        <IsInputConnector>false</IsInputConnector>
        <IsOutputConnector>false</IsOutputConnector>
        <ErrorSuppression>true</ErrorSuppression>
      </Module>
      <Module>
        <ModuleName>WC-DB2Conn1</ModuleName>
        <InputMessageType>*</InputMessageType>
        <OutputMessageType>*</OutputMessageType>
        <PluginName>Workflow Connector</PluginName>
        <CheckinComment>@@@Server: ip-10-128-49-111.ap-southeast-1.compute.internal@@@Version: 1@@@Export/Deployment: 27.05.2015 23:36:52@@@</CheckinComment>
        <LastUpdate>12.03.2015 15:10:44</LastUpdate>
        <ExportUser>Amway</ExportUser>
        <IsActive>true</IsActive>
        <IsInputConnector>false</IsInputConnector>
        <IsOutputConnector>false</IsOutputConnector>
      </Module>
      <Module>
        <ModuleName>WC-ErrLogger</ModuleName>
        <InputMessageType>*</InputMessageType>
        <OutputMessageType>*</OutputMessageType>
        <PluginName>Workflow Connector</PluginName>
        <CheckinComment>@@@Server: ip-10-128-49-111.ap-southeast-1.compute.internal@@@Version: 1@@@Export/Deployment: 27.05.2015 23:36:52@@@</CheckinComment>
        <LastUpdate>05.03.2015 12:25:58</LastUpdate>
        <ExportUser>Amway</ExportUser>
        <IsActive>true</IsActive>
        <IsInputConnector>false</IsInputConnector>
        <IsOutputConnector>false</IsOutputConnector>
        <ErrorSuppression>true</ErrorSuppression>
      </Module>
      <Module>
        <ModuleName>WC-ErrLogger1</ModuleName>
        <InputMessageType>*</InputMessageType>
        <OutputMessageType>*</OutputMessageType>
        <PluginName>Workflow Connector</PluginName>
        <CheckinComment>@@@Server: ip-10-128-49-111.ap-southeast-1.compute.internal@@@Version: 8@@@Export/Deployment: 27.05.2015 23:36:52@@@</CheckinComment>
        <LastUpdate>09.03.2015 03:00:57</LastUpdate>
        <ExportUser>Amway</ExportUser>
        <IsActive>true</IsActive>
        <IsInputConnector>false</IsInputConnector>
        <IsOutputConnector>false</IsOutputConnector>
        <ErrorSuppression>true</ErrorSuppression>
      </Module>
      <Module>
        <ModuleName>WC-ErrLogger21</ModuleName>
        <InputMessageType>*</InputMessageType>
        <OutputMessageType>*</OutputMessageType>
        <PluginName>Workflow Connector</PluginName>
        <CheckinComment>@@@Server: ip-10-128-49-111.ap-southeast-1.compute.internal@@@Version: 1@@@Export/Deployment: 27.05.2015 23:36:52@@@</CheckinComment>
        <LastUpdate>12.03.2015 12:13:17</LastUpdate>
        <ExportUser>Amway</ExportUser>
        <IsActive>true</IsActive>
        <IsInputConnector>false</IsInputConnector>
        <IsOutputConnector>false</IsOutputConnector>
        <ErrorSuppression>true</ErrorSuppression>
      </Module>
      <Module>
        <ModuleName>WC-ErrLogger31</ModuleName>
        <InputMessageType>*</InputMessageType>
        <OutputMessageType>*</OutputMessageType>
        <PluginName>Workflow Connector</PluginName>
        <CheckinComment>@@@Server: ip-10-128-49-111.ap-southeast-1.compute.internal@@@Version: 1@@@Export/Deployment: 27.05.2015 23:36:52@@@</CheckinComment>
        <LastUpdate>12.03.2015 14:35:42</LastUpdate>
        <ExportUser>Amway</ExportUser>
        <IsActive>true</IsActive>
        <IsInputConnector>false</IsInputConnector>
        <IsOutputConnector>false</IsOutputConnector>
        <ErrorSuppression>true</ErrorSuppression>
      </Module>
      <Module>
        <ModuleName>WC-ErrLogger5</ModuleName>
        <InputMessageType>*</InputMessageType>
        <OutputMessageType>*</OutputMessageType>
        <PluginName>Workflow Connector</PluginName>
        <CheckinComment>@@@Server: ip-10-128-49-111.ap-southeast-1.compute.internal@@@Version: 1@@@Export/Deployment: 27.05.2015 23:36:52@@@</CheckinComment>
        <LastUpdate>17.03.2015 07:07:02</LastUpdate>
        <ExportUser>Amway</ExportUser>
        <IsActive>true</IsActive>
        <IsInputConnector>false</IsInputConnector>
        <IsOutputConnector>false</IsOutputConnector>
        <ErrorSuppression>true</ErrorSuppression>
      </Module>
      <Module>
        <ModuleName>WC-KGDCStgDbConn5</ModuleName>
        <InputMessageType>*</InputMessageType>
        <OutputMessageType>*</OutputMessageType>
        <PluginName>Workflow Connector</PluginName>
        <CheckinComment>@@@Server: ip-10-128-49-111.ap-southeast-1.compute.internal@@@Version: 1@@@Export/Deployment: 27.05.2015 23:36:52@@@</CheckinComment>
        <LastUpdate>31.03.2015 17:39:06</LastUpdate>
        <ExportUser>Amway</ExportUser>
        <IsActive>true</IsActive>
        <IsInputConnector>false</IsInputConnector>
        <IsOutputConnector>false</IsOutputConnector>
        <ErrorSuppression>true</ErrorSuppression>
      </Module>
      <Module>
        <ModuleName>WC-MultiSiteDbConn</ModuleName>
        <InputMessageType>*</InputMessageType>
        <OutputMessageType>*</OutputMessageType>
        <PluginName>Workflow Connector</PluginName>
        <CheckinComment>@@@Server: ip-10-128-49-111.ap-southeast-1.compute.internal@@@Version: 1@@@Export/Deployment: 27.05.2015 23:36:52@@@</CheckinComment>
        <LastUpdate>20.05.2015 16:28:28</LastUpdate>
        <ExportUser>Amway</ExportUser>
        <IsActive>true</IsActive>
        <IsInputConnector>false</IsInputConnector>
        <IsOutputConnector>false</IsOutputConnector>
        <ErrorSuppression>true</ErrorSuppression>
      </Module>
      <Module>
        <ModuleName>WC-MultiSiteDbConnMonitor</ModuleName>
        <InputMessageType>*</InputMessageType>
        <OutputMessageType>*</OutputMessageType>
        <PluginName>Workflow Connector</PluginName>
        <CheckinComment>@@@Server: ip-10-128-49-111.ap-southeast-1.compute.internal@@@Version: 1@@@Export/Deployment: 27.05.2015 23:36:52@@@</CheckinComment>
        <LastUpdate>12.03.2015 15:44:48</LastUpdate>
        <ExportUser>Amway</ExportUser>
        <IsActive>true</IsActive>
        <IsInputConnector>false</IsInputConnector>
        <IsOutputConnector>false</IsOutputConnector>
        <ErrorSuppression>true</ErrorSuppression>
      </Module>
      <Module>
        <ModuleName>Wc-MultiSiteDBLog</ModuleName>
        <InputMessageType>*</InputMessageType>
        <OutputMessageType>*</OutputMessageType>
        <PluginName>Workflow Connector</PluginName>
        <CheckinComment>@@@Server: ip-10-128-49-111.ap-southeast-1.compute.internal@@@Version: 1@@@Export/Deployment: 27.05.2015 23:36:52@@@</CheckinComment>
        <LastUpdate>12.03.2015 15:44:03</LastUpdate>
        <ExportUser>Amway</ExportUser>
        <IsActive>true</IsActive>
        <IsInputConnector>false</IsInputConnector>
        <IsOutputConnector>false</IsOutputConnector>
        <ErrorSuppression>true</ErrorSuppression>
      </Module>
      <Module>
        <ModuleName>WC-ProcBufData1</ModuleName>
        <InputMessageType>*</InputMessageType>
        <OutputMessageType>*</OutputMessageType>
        <PluginName>Workflow Connector</PluginName>
        <CheckinComment>@@@Server: ip-10-128-49-111.ap-southeast-1.compute.internal@@@Version: 1@@@Export/Deployment: 27.05.2015 23:36:52@@@</CheckinComment>
        <LastUpdate>14.05.2015 18:29:47</LastUpdate>
        <ExportUser>Amway</ExportUser>
        <IsActive>true</IsActive>
        <IsInputConnector>false</IsInputConnector>
        <IsOutputConnector>false</IsOutputConnector>
        <ErrorSuppression>true</ErrorSuppression>
      </Module>
      <Module>
        <ModuleName>WC-SQLConn1</ModuleName>
        <InputMessageType>*</InputMessageType>
        <OutputMessageType>*</OutputMessageType>
        <PluginName>Workflow Connector</PluginName>
        <CheckinComment>@@@Server: ip-10-128-49-111.ap-southeast-1.compute.internal@@@Version: 1@@@Export/Deployment: 27.05.2015 23:36:52@@@</CheckinComment>
        <LastUpdate>12.03.2015 15:38:35</LastUpdate>
        <ExportUser>Amway</ExportUser>
        <IsActive>true</IsActive>
        <IsInputConnector>false</IsInputConnector>
        <IsOutputConnector>false</IsOutputConnector>
        <ErrorSuppression>true</ErrorSuppression>
      </Module>
      <Module>
        <ModuleName>WC-TimeLogger1</ModuleName>
        <InputMessageType>*</InputMessageType>
        <OutputMessageType>*</OutputMessageType>
        <PluginName>Workflow Connector</PluginName>
        <CheckinComment>@@@Server: ip-10-128-49-111.ap-southeast-1.compute.internal@@@Version: 1@@@Export/Deployment: 27.05.2015 23:36:52@@@</CheckinComment>
        <LastUpdate>27.02.2015 11:37:43</LastUpdate>
        <ExportUser>Amway</ExportUser>
        <IsActive>true</IsActive>
        <IsInputConnector>false</IsInputConnector>
        <IsOutputConnector>false</IsOutputConnector>
        <ErrorSuppression>true</ErrorSuppression>
      </Module>
      <Module>
        <ModuleName>WC-UpdBuffData</ModuleName>
        <InputMessageType>*</InputMessageType>
        <OutputMessageType>*</OutputMessageType>
        <PluginName>Workflow Connector</PluginName>
        <CheckinComment>@@@Server: ip-10-128-49-111.ap-southeast-1.compute.internal@@@Version: 1@@@Export/Deployment: 27.05.2015 23:36:52@@@</CheckinComment>
        <LastUpdate>08.04.2015 11:01:13</LastUpdate>
        <ExportUser>Amway</ExportUser>
        <IsActive>true</IsActive>
        <IsInputConnector>false</IsInputConnector>
        <IsOutputConnector>false</IsOutputConnector>
        <ErrorSuppression>true</ErrorSuppression>
      </Module>
    </ModuleGroup>
    <ModuleGroup>
      <ModuleGroupName>Demultiplexer</ModuleGroupName>
      <Module>
        <ModuleName>ChkSite1</ModuleName>
        <InputMessageType>*</InputMessageType>
        <OutputMessageType>*</OutputMessageType>
        <PluginName>Demultiplexer</PluginName>
        <CheckinComment>@@@Server: ip-10-128-49-111.ap-southeast-1.compute.internal@@@Version: 1@@@Export/Deployment: 27.05.2015 23:36:52@@@</CheckinComment>
        <LastUpdate>12.03.2015 11:23:38</LastUpdate>
        <ExportUser>Amway</ExportUser>
        <IsActive>true</IsActive>
        <IsInputConnector>false</IsInputConnector>
        <IsOutputConnector>false</IsOutputConnector>
        <ErrorSuppression>true</ErrorSuppression>
      </Module>
      <Module>
        <ModuleName>ChkSiteSQL</ModuleName>
        <InputMessageType>*</InputMessageType>
        <OutputMessageType>*</OutputMessageType>
        <PluginName>Demultiplexer</PluginName>
        <CheckinComment>@@@Server: ip-10-128-49-111.ap-southeast-1.compute.internal@@@Version: 1@@@Export/Deployment: 27.05.2015 23:36:52@@@</CheckinComment>
        <LastUpdate>12.03.2015 14:11:09</LastUpdate>
        <ExportUser>Amway</ExportUser>
        <IsActive>true</IsActive>
        <IsInputConnector>false</IsInputConnector>
        <IsOutputConnector>false</IsOutputConnector>
        <ErrorSuppression>true</ErrorSuppression>
      </Module>
      <Module>
        <ModuleName>ChkUpdBatch1</ModuleName>
        <InputMessageType>*</InputMessageType>
        <OutputMessageType>*</OutputMessageType>
        <PluginName>Demultiplexer</PluginName>
        <CheckinComment>@@@Server: ip-10-128-49-111.ap-southeast-1.compute.internal@@@Version: 1@@@Export/Deployment: 27.05.2015 23:36:52@@@</CheckinComment>
        <LastUpdate>27.02.2015 11:15:35</LastUpdate>
        <ExportUser>Amway</ExportUser>
        <IsActive>true</IsActive>
        <IsInputConnector>false</IsInputConnector>
        <IsOutputConnector>false</IsOutputConnector>
        <ErrorSuppression>true</ErrorSuppression>
      </Module>
      <Module>
        <ModuleName>Demux</ModuleName>
        <InputMessageType>*</InputMessageType>
        <OutputMessageType>*</OutputMessageType>
        <PluginName>Demultiplexer</PluginName>
        <CheckinComment>@@@Server: ip-10-128-49-111.ap-southeast-1.compute.internal@@@Version: 5@@@Export/Deployment: 27.05.2015 23:36:52@@@</CheckinComment>
        <LastUpdate>01.05.2015 11:19:24</LastUpdate>
        <ExportUser>Amway</ExportUser>
        <IsActive>true</IsActive>
        <IsInputConnector>false</IsInputConnector>
        <IsOutputConnector>false</IsOutputConnector>
      </Module>
    </ModuleGroup>
    <ModuleGroup>
      <ModuleGroupName>Database Connector</ModuleGroupName>
      <Module>
        <ModuleName>DB2ReplConn1</ModuleName>
        <InputMessageType>*</InputMessageType>
        <OutputMessageType>*</OutputMessageType>
        <PluginName>Database Connector</PluginName>
        <CheckinComment>@@@Server: ip-10-128-49-111.ap-southeast-1.compute.internal@@@Version: 1@@@Export/Deployment: 27.05.2015 23:36:52@@@</CheckinComment>
        <LastUpdate>31.03.2015 10:18:45</LastUpdate>
        <ExportUser>Amway</ExportUser>
        <IsActive>true</IsActive>
        <IsInputConnector>true</IsInputConnector>
        <IsOutputConnector>true</IsOutputConnector>
        <ErrorSuppression>true</ErrorSuppression>
      </Module>
      <Module>
        <ModuleName>DB2ReplConn10</ModuleName>
        <InputMessageType>*</InputMessageType>
        <OutputMessageType>*</OutputMessageType>
        <PluginName>Database Connector</PluginName>
        <CheckinComment>@@@Server: ip-10-128-49-111.ap-southeast-1.compute.internal@@@Version: 1@@@Export/Deployment: 27.05.2015 23:36:52@@@</CheckinComment>
        <LastUpdate>23.03.2015 14:56:17</LastUpdate>
        <ExportUser>Amway</ExportUser>
        <IsActive>true</IsActive>
        <IsInputConnector>true</IsInputConnector>
        <IsOutputConnector>true</IsOutputConnector>
        <ErrorSuppression>true</ErrorSuppression>
      </Module>
      <Module>
        <ModuleName>DB2ReplConn11</ModuleName>
        <InputMessageType>*</InputMessageType>
        <OutputMessageType>*</OutputMessageType>
        <PluginName>Database Connector</PluginName>
        <CheckinComment>@@@Server: ip-10-128-49-111.ap-southeast-1.compute.internal@@@Version: 1@@@Export/Deployment: 27.05.2015 23:36:52@@@</CheckinComment>
        <LastUpdate>28.04.2015 10:01:54</LastUpdate>
        <ExportUser>Amway</ExportUser>
        <IsActive>true</IsActive>
        <IsInputConnector>true</IsInputConnector>
        <IsOutputConnector>true</IsOutputConnector>
        <ErrorSuppression>true</ErrorSuppression>
      </Module>
      <Module>
        <ModuleName>DB2ReplConn2</ModuleName>
        <InputMessageType>*</InputMessageType>
        <OutputMessageType>*</OutputMessageType>
        <PluginName>Database Connector</PluginName>
        <CheckinComment>@@@Server: ip-10-128-49-111.ap-southeast-1.compute.internal@@@Version: 1@@@Export/Deployment: 27.05.2015 23:36:52@@@</CheckinComment>
        <LastUpdate>26.03.2015 14:52:50</LastUpdate>
        <ExportUser>Amway</ExportUser>
        <IsActive>true</IsActive>
        <IsInputConnector>true</IsInputConnector>
        <IsOutputConnector>true</IsOutputConnector>
        <ErrorSuppression>true</ErrorSuppression>
      </Module>
      <Module>
        <ModuleName>DB2ReplConn3</ModuleName>
        <InputMessageType>*</InputMessageType>
        <OutputMessageType>*</OutputMessageType>
        <PluginName>Database Connector</PluginName>
        <CheckinComment>@@@Server: ip-10-128-49-111.ap-southeast-1.compute.internal@@@Version: 1@@@Export/Deployment: 27.05.2015 23:36:52@@@</CheckinComment>
        <LastUpdate>12.03.2015 15:22:02</LastUpdate>
        <ExportUser>Amway</ExportUser>
        <IsActive>true</IsActive>
        <IsInputConnector>true</IsInputConnector>
        <IsOutputConnector>true</IsOutputConnector>
        <ErrorSuppression>true</ErrorSuppression>
      </Module>
      <Module>
        <ModuleName>DB2ReplConn4</ModuleName>
        <InputMessageType>*</InputMessageType>
        <OutputMessageType>*</OutputMessageType>
        <PluginName>Database Connector</PluginName>
        <CheckinComment>@@@Server: ip-10-128-49-111.ap-southeast-1.compute.internal@@@Version: 1@@@Export/Deployment: 27.05.2015 23:36:52@@@</CheckinComment>
        <LastUpdate>12.03.2015 11:56:10</LastUpdate>
        <ExportUser>Amway</ExportUser>
        <IsActive>true</IsActive>
        <IsInputConnector>true</IsInputConnector>
        <IsOutputConnector>true</IsOutputConnector>
        <ErrorSuppression>true</ErrorSuppression>
      </Module>
      <Module>
        <ModuleName>DB2ReplConn5</ModuleName>
        <InputMessageType>*</InputMessageType>
        <OutputMessageType>*</OutputMessageType>
        <PluginName>Database Connector</PluginName>
        <CheckinComment>@@@Server: ip-10-128-49-111.ap-southeast-1.compute.internal@@@Version: 1@@@Export/Deployment: 27.05.2015 23:36:52@@@</CheckinComment>
        <LastUpdate>12.03.2015 11:56:21</LastUpdate>
        <ExportUser>Amway</ExportUser>
        <IsActive>true</IsActive>
        <IsInputConnector>true</IsInputConnector>
        <IsOutputConnector>true</IsOutputConnector>
        <ErrorSuppression>true</ErrorSuppression>
      </Module>
      <Module>
        <ModuleName>DB2ReplConn6</ModuleName>
        <InputMessageType>*</InputMessageType>
        <OutputMessageType>*</OutputMessageType>
        <PluginName>Database Connector</PluginName>
        <CheckinComment>@@@Server: ip-10-128-49-111.ap-southeast-1.compute.internal@@@Version: 1@@@Export/Deployment: 27.05.2015 23:36:52@@@</CheckinComment>
        <LastUpdate>12.03.2015 11:56:30</LastUpdate>
        <ExportUser>Amway</ExportUser>
        <IsActive>true</IsActive>
        <IsInputConnector>true</IsInputConnector>
        <IsOutputConnector>true</IsOutputConnector>
        <ErrorSuppression>true</ErrorSuppression>
      </Module>
      <Module>
        <ModuleName>DB2ReplConn7</ModuleName>
        <InputMessageType>*</InputMessageType>
        <OutputMessageType>*</OutputMessageType>
        <PluginName>Database Connector</PluginName>
        <CheckinComment>@@@Server: ip-10-128-49-111.ap-southeast-1.compute.internal@@@Version: 1@@@Export/Deployment: 27.05.2015 23:36:52@@@</CheckinComment>
        <LastUpdate>12.03.2015 11:56:40</LastUpdate>
        <ExportUser>Amway</ExportUser>
        <IsActive>true</IsActive>
        <IsInputConnector>true</IsInputConnector>
        <IsOutputConnector>true</IsOutputConnector>
        <ErrorSuppression>true</ErrorSuppression>
      </Module>
      <Module>
        <ModuleName>DB2ReplConn8</ModuleName>
        <InputMessageType>*</InputMessageType>
        <OutputMessageType>*</OutputMessageType>
        <PluginName>Database Connector</PluginName>
        <CheckinComment>@@@Server: ip-10-128-49-111.ap-southeast-1.compute.internal@@@Version: 1@@@Export/Deployment: 27.05.2015 23:36:52@@@</CheckinComment>
        <LastUpdate>12.03.2015 11:56:50</LastUpdate>
        <ExportUser>Amway</ExportUser>
        <IsActive>true</IsActive>
        <IsInputConnector>true</IsInputConnector>
        <IsOutputConnector>true</IsOutputConnector>
        <ErrorSuppression>true</ErrorSuppression>
      </Module>
      <Module>
        <ModuleName>DB2ReplConn9</ModuleName>
        <InputMessageType>*</InputMessageType>
        <OutputMessageType>*</OutputMessageType>
        <PluginName>Database Connector</PluginName>
        <CheckinComment>@@@Server: ip-10-128-49-111.ap-southeast-1.compute.internal@@@Version: 1@@@Export/Deployment: 27.05.2015 23:36:52@@@</CheckinComment>
        <LastUpdate>23.03.2015 12:21:19</LastUpdate>
        <ExportUser>Amway</ExportUser>
        <IsActive>true</IsActive>
        <IsInputConnector>true</IsInputConnector>
        <IsOutputConnector>true</IsOutputConnector>
        <ErrorSuppression>true</ErrorSuppression>
      </Module>
      <Module>
        <ModuleName>SQLReplConn1</ModuleName>
        <InputMessageType>*</InputMessageType>
        <OutputMessageType>*</OutputMessageType>
        <PluginName>Database Connector</PluginName>
        <CheckinComment>@@@Server: ip-10-128-49-111.ap-southeast-1.compute.internal@@@Version: 1@@@Export/Deployment: 27.05.2015 23:36:52@@@</CheckinComment>
        <LastUpdate>12.03.2015 15:27:38</LastUpdate>
        <ExportUser>Amway</ExportUser>
        <IsActive>true</IsActive>
        <IsInputConnector>true</IsInputConnector>
        <IsOutputConnector>true</IsOutputConnector>
        <ErrorSuppression>true</ErrorSuppression>
      </Module>
      <Module>
        <ModuleName>SQLReplConn10</ModuleName>
        <InputMessageType>*</InputMessageType>
        <OutputMessageType>*</OutputMessageType>
        <PluginName>Database Connector</PluginName>
        <CheckinComment>@@@Server: ip-10-128-49-111.ap-southeast-1.compute.internal@@@Version: 1@@@Export/Deployment: 27.05.2015 23:36:52@@@</CheckinComment>
        <LastUpdate>15.04.2015 13:20:45</LastUpdate>
        <ExportUser>Amway</ExportUser>
        <IsActive>true</IsActive>
        <IsInputConnector>true</IsInputConnector>
        <IsOutputConnector>true</IsOutputConnector>
        <ErrorSuppression>true</ErrorSuppression>
      </Module>
      <Module>
        <ModuleName>SQLReplConn11</ModuleName>
        <InputMessageType>*</InputMessageType>
        <OutputMessageType>*</OutputMessageType>
        <PluginName>Database Connector</PluginName>
        <CheckinComment>@@@Server: ip-10-128-49-111.ap-southeast-1.compute.internal@@@Version: 1@@@Export/Deployment: 27.05.2015 23:36:52@@@</CheckinComment>
        <LastUpdate>28.04.2015 10:29:41</LastUpdate>
        <ExportUser>Amway</ExportUser>
        <IsActive>true</IsActive>
        <IsInputConnector>true</IsInputConnector>
        <IsOutputConnector>true</IsOutputConnector>
        <ErrorSuppression>true</ErrorSuppression>
      </Module>
      <Module>
        <ModuleName>SQLReplConn2</ModuleName>
        <InputMessageType>*</InputMessageType>
        <OutputMessageType>*</OutputMessageType>
        <PluginName>Database Connector</PluginName>
        <CheckinComment>@@@Server: ip-10-128-49-111.ap-southeast-1.compute.internal@@@Version: 1@@@Export/Deployment: 27.05.2015 23:36:52@@@</CheckinComment>
        <LastUpdate>23.03.2015 16:20:08</LastUpdate>
        <ExportUser>Amway</ExportUser>
        <IsActive>true</IsActive>
        <IsInputConnector>true</IsInputConnector>
        <IsOutputConnector>true</IsOutputConnector>
        <ErrorSuppression>true</ErrorSuppression>
      </Module>
      <Module>
        <ModuleName>SQLReplConn3</ModuleName>
        <InputMessageType>*</InputMessageType>
        <OutputMessageType>*</OutputMessageType>
        <PluginName>Database Connector</PluginName>
        <CheckinComment>@@@Server: ip-10-128-49-111.ap-southeast-1.compute.internal@@@Version: 1@@@Export/Deployment: 27.05.2015 23:36:52@@@</CheckinComment>
        <LastUpdate>12.03.2015 15:28:36</LastUpdate>
        <ExportUser>Amway</ExportUser>
        <IsActive>true</IsActive>
        <IsInputConnector>true</IsInputConnector>
        <IsOutputConnector>true</IsOutputConnector>
        <ErrorSuppression>true</ErrorSuppression>
      </Module>
      <Module>
        <ModuleName>SQLReplConn4</ModuleName>
        <InputMessageType>*</InputMessageType>
        <OutputMessageType>*</OutputMessageType>
        <PluginName>Database Connector</PluginName>
        <CheckinComment>@@@Server: ip-10-128-49-111.ap-southeast-1.compute.internal@@@Version: 1@@@Export/Deployment: 27.05.2015 23:36:52@@@</CheckinComment>
        <LastUpdate>12.03.2015 14:12:31</LastUpdate>
        <ExportUser>Amway</ExportUser>
        <IsActive>true</IsActive>
        <IsInputConnector>true</IsInputConnector>
        <IsOutputConnector>true</IsOutputConnector>
        <ErrorSuppression>true</ErrorSuppression>
      </Module>
      <Module>
        <ModuleName>SQLReplConn5</ModuleName>
        <InputMessageType>*</InputMessageType>
        <OutputMessageType>*</OutputMessageType>
        <PluginName>Database Connector</PluginName>
        <CheckinComment>@@@Server: ip-10-128-49-111.ap-southeast-1.compute.internal@@@Version: 1@@@Export/Deployment: 27.05.2015 23:36:52@@@</CheckinComment>
        <LastUpdate>23.03.2015 16:22:10</LastUpdate>
        <ExportUser>Amway</ExportUser>
        <IsActive>true</IsActive>
        <IsInputConnector>true</IsInputConnector>
        <IsOutputConnector>true</IsOutputConnector>
        <ErrorSuppression>true</ErrorSuppression>
      </Module>
      <Module>
        <ModuleName>SQLReplConn6</ModuleName>
        <InputMessageType>*</InputMessageType>
        <OutputMessageType>*</OutputMessageType>
        <PluginName>Database Connector</PluginName>
        <CheckinComment>@@@Server: ip-10-128-49-111.ap-southeast-1.compute.internal@@@Version: 1@@@Export/Deployment: 27.05.2015 23:36:52@@@</CheckinComment>
        <LastUpdate>23.03.2015 16:22:49</LastUpdate>
        <ExportUser>Amway</ExportUser>
        <IsActive>true</IsActive>
        <IsInputConnector>true</IsInputConnector>
        <IsOutputConnector>true</IsOutputConnector>
        <ErrorSuppression>true</ErrorSuppression>
      </Module>
      <Module>
        <ModuleName>SQLReplConn7</ModuleName>
        <InputMessageType>*</InputMessageType>
        <OutputMessageType>*</OutputMessageType>
        <PluginName>Database Connector</PluginName>
        <CheckinComment>@@@Server: ip-10-128-49-111.ap-southeast-1.compute.internal@@@Version: 1@@@Export/Deployment: 27.05.2015 23:36:52@@@</CheckinComment>
        <LastUpdate>18.03.2015 11:04:20</LastUpdate>
        <ExportUser>Amway</ExportUser>
        <IsActive>true</IsActive>
        <IsInputConnector>true</IsInputConnector>
        <IsOutputConnector>true</IsOutputConnector>
        <ErrorSuppression>true</ErrorSuppression>
      </Module>
      <Module>
        <ModuleName>SQLReplConn8</ModuleName>
        <InputMessageType>*</InputMessageType>
        <OutputMessageType>*</OutputMessageType>
        <PluginName>Database Connector</PluginName>
        <CheckinComment>@@@Server: ip-10-128-49-111.ap-southeast-1.compute.internal@@@Version: 1@@@Export/Deployment: 27.05.2015 23:36:52@@@</CheckinComment>
        <LastUpdate>23.03.2015 16:23:16</LastUpdate>
        <ExportUser>Amway</ExportUser>
        <IsActive>true</IsActive>
        <IsInputConnector>true</IsInputConnector>
        <IsOutputConnector>true</IsOutputConnector>
        <ErrorSuppression>true</ErrorSuppression>
      </Module>
      <Module>
        <ModuleName>SQLReplConn9</ModuleName>
        <InputMessageType>*</InputMessageType>
        <OutputMessageType>*</OutputMessageType>
        <PluginName>Database Connector</PluginName>
        <CheckinComment>@@@Server: ip-10-128-49-111.ap-southeast-1.compute.internal@@@Version: 1@@@Export/Deployment: 27.05.2015 23:36:52@@@</CheckinComment>
        <LastUpdate>23.03.2015 15:08:20</LastUpdate>
        <ExportUser>Amway</ExportUser>
        <IsActive>true</IsActive>
        <IsInputConnector>true</IsInputConnector>
        <IsOutputConnector>true</IsOutputConnector>
        <ErrorSuppression>true</ErrorSuppression>
      </Module>
    </ModuleGroup>
    <ModuleGroup>
      <ModuleGroupName>Exit</ModuleGroupName>
      <Module>
        <ModuleName>ExitUpd1</ModuleName>
        <InputMessageType>*</InputMessageType>
        <OutputMessageType>*</OutputMessageType>
        <PluginName>Exit</PluginName>
        <CheckinComment>@@@Server: ip-10-128-49-111.ap-southeast-1.compute.internal@@@Version: 1@@@Export/Deployment: 27.05.2015 23:36:52@@@</CheckinComment>
        <LastUpdate>27.02.2015 11:28:40</LastUpdate>
        <ExportUser>Amway</ExportUser>
        <IsActive>true</IsActive>
        <IsInputConnector>false</IsInputConnector>
        <IsOutputConnector>false</IsOutputConnector>
      </Module>
    </ModuleGroup>
    <ModuleGroup>
      <ModuleGroupName>Joiner</ModuleGroupName>
      <Module>
        <ModuleName>LoopJoiner1</ModuleName>
        <InputMessageType>*</InputMessageType>
        <OutputMessageType>*</OutputMessageType>
        <PluginName>Joiner</PluginName>
        <CheckinComment>@@@Server: ip-10-128-49-111.ap-southeast-1.compute.internal@@@Version: 1@@@Export/Deployment: 27.05.2015 23:36:52@@@</CheckinComment>
        <LastUpdate>27.02.2015 10:59:31</LastUpdate>
        <ExportUser>Amway</ExportUser>
        <IsActive>true</IsActive>
        <IsInputConnector>false</IsInputConnector>
        <IsOutputConnector>false</IsOutputConnector>
      </Module>
    </ModuleGroup>
    <ModuleGroup>
      <ModuleGroupName>Multiplexer</ModuleGroupName>
      <Module version="head">
        <ModuleName>Mutex</ModuleName>
        <ModuleUId>3da5fd63:14d0d71441d:-7ee1</ModuleUId>
        <InputMessageType>*</InputMessageType>
        <OutputMessageType>*</OutputMessageType>
        <PluginName>Multiplexer</PluginName>
        <CheckinComment>@@@Server: ip-10-128-49-111.ap-southeast-1.compute.internal@@@Version: 2@@@Export/Deployment: 27.05.2015 23:36:52@@@</CheckinComment>
        <LastUpdate>01.05.2015 11:23:49</LastUpdate>
        <ExportUser>Amway</ExportUser>
        <IsActive>true</IsActive>
        <IsInputConnector>false</IsInputConnector>
        <IsOutputConnector>false</IsOutputConnector>
      </Module>
    </ModuleGroup>
    <ModuleGroup>
      <ModuleGroupName>Workflow Starter</ModuleGroupName>
      <Module>
        <ModuleName>TriggerUpdate</ModuleName>
        <InputMessageType>*</InputMessageType>
        <OutputMessageType>*</OutputMessageType>
        <PluginName>Workflow Starter</PluginName>
        <CheckinComment>@@@Server: ip-10-128-49-111.ap-southeast-1.compute.internal@@@Version: 1@@@Export/Deployment: 27.05.2015 23:36:52@@@</CheckinComment>
        <LastUpdate>01.04.2015 12:07:51</LastUpdate>
        <ExportUser>Amway</ExportUser>
        <IsActive>true</IsActive>
        <IsInputConnector>false</IsInputConnector>
        <IsOutputConnector>false</IsOutputConnector>
        <ErrorSuppression>true</ErrorSuppression>
      </Module>
    </ModuleGroup>
  </Modules>
</IBISWorkflow>
