<?xml version='1.0' encoding='UTF-8'?>

<Properties version="4.1">
	<Property name="xslt.ignoreInput">false</Property>
	<Property name="xslt.sourceVariablesURL">file:/C:/Users/aj83993/AppData/Roaming/inubit/Toolset/6.1/work/10.128.49.76_8000/root/tmp/06451f290aadab172119ec405b8ece7e</Property>
	<Property name="ErrorSuppression" type="Boolean">true</Property>
	<Property name="xslt.params" type="List">
		<Property name="varTableName">varTableName</Property>
		<Property name="varFieldValueTags">varFieldValueTags</Property>
		<Property name="varMetadataXML">varMetadataXML</Property>
		<Property name="varStrDateStrip">varStrDateStrip</Property>
	</Property>
	<Property name="xslt.transformer">net.sf.saxon.TransformerFactoryImpl</Property>
	<Property name="xslt.base64Zipped">true</Property>
	<Property name="xslt.stylesheet" type="XmlDocument">&lt;?xml version="1.0" encoding="UTF-8"?>
&lt;xsl:stylesheet xmlns:xsl="http://www.w3.org/1999/XSL/Transform" xmlns:xs="http://www.w3.org/2001/XMLSchema" xmlns:xsi="http://www.w3.org/2001/XMLSchema-instance" xmlns:formatter="com.inubit.ibis.xsltext.Formatter" version="2.0" exclude-result-prefixes="xs formatter">
  &lt;xsl:output method="xml" encoding="UTF-8"/>&lt;xsl:param name="varTableName"/>&lt;xsl:param name="varFieldValueTags" as="element()">&lt;FieldValues xmlns:fn="http://www.w3.org/2005/xpath-functions">&lt;fieldValue>0123569351&lt;/fieldValue>&lt;fieldValue>044622&lt;/fieldValue>&lt;fieldValue>COP&lt;/fieldValue>&lt;fieldValue>D&lt;/fieldValue>&lt;fieldValue>011404&lt;/fieldValue>&lt;fieldValue>011404&lt;/fieldValue>&lt;fieldValue>01140401&lt;/fieldValue>&lt;fieldValue>01140401&lt;/fieldValue>&lt;fieldValue>09      &lt;/fieldValue>&lt;fieldValue>09      &lt;/fieldValue>&lt;fieldValue>000006143815&lt;/fieldValue>&lt;fieldValue>09      &lt;/fieldValue>&lt;fieldValue>000006143815&lt;/fieldValue>&lt;fieldValue> &lt;/fieldValue>&lt;fieldValue>000000000000&lt;/fieldValue>&lt;fieldValue>0000&lt;/fieldValue>&lt;fieldValue>180&lt;/fieldValue>&lt;fieldValue>0001&lt;/fieldValue>&lt;fieldValue>000005935062&lt;/fieldValue>&lt;fieldValue>000006143815&lt;/fieldValue>&lt;fieldValue>0001&lt;/fieldValue>&lt;fieldValue>0000000029560000&lt;/fieldValue>&lt;fieldValue>0000000026874000&lt;/fieldValue>&lt;fieldValue>0000000000000000&lt;/fieldValue>&lt;fieldValue>0000000000000000&lt;/fieldValue>&lt;fieldValue>0000000000000000&lt;/fieldValue>&lt;fieldValue>0000000000000000&lt;/fieldValue>&lt;fieldValue>0000000000000000&lt;/fieldValue>&lt;fieldValue>0000000000000000&lt;/fieldValue>&lt;fieldValue>0000000000000000&lt;/fieldValue>&lt;fieldValue>0000000002686000&lt;/fieldValue>&lt;fieldValue>0000000000000000&lt;/fieldValue>&lt;fieldValue>0000000000000000&lt;/fieldValue>&lt;fieldValue>0000000000000000&lt;/fieldValue>&lt;fieldValue>0000000029700000&lt;/fieldValue>&lt;fieldValue>0000000019276400&lt;/fieldValue>&lt;fieldValue>000000001116&lt;/fieldValue>&lt;fieldValue>102&lt;/fieldValue>&lt;fieldValue>D&lt;/fieldValue>&lt;fieldValue>N&lt;/fieldValue>&lt;fieldValue>011404&lt;/fieldValue>&lt;fieldValue>01140402&lt;/fieldValue>&lt;fieldValue>0000000&lt;/fieldValue>&lt;fieldValue>0000000&lt;/fieldValue>&lt;fieldValue>01140402&lt;/fieldValue>&lt;fieldValue>00081454&lt;/fieldValue>&lt;fieldValue>0000&lt;/fieldValue>&lt;fieldValue>P&lt;/fieldValue>&lt;fieldValue>1C6&lt;/fieldValue>&lt;fieldValue>000000&lt;/fieldValue>&lt;fieldValue>080903&lt;/fieldValue>&lt;fieldValue>N&lt;/fieldValue>&lt;fieldValue>Y&lt;/fieldValue>&lt;fieldValue>N&lt;/fieldValue>&lt;fieldValue>C&lt;/fieldValue>&lt;fieldValue>P&lt;/fieldValue>&lt;fieldValue>Y&lt;/fieldValue>&lt;fieldValue>Y&lt;/fieldValue>&lt;fieldValue>N&lt;/fieldValue>&lt;fieldValue>N&lt;/fieldValue>&lt;fieldValue>Y&lt;/fieldValue>&lt;fieldValue>Y&lt;/fieldValue>&lt;fieldValue>Y&lt;/fieldValue>&lt;fieldValue>Y&lt;/fieldValue>&lt;fieldValue>01140401&lt;/fieldValue>&lt;fieldValue>0082556&lt;/fieldValue>&lt;fieldValue>N&lt;/fieldValue>&lt;fieldValue>01140401&lt;/fieldValue>&lt;fieldValue>000  &lt;/fieldValue>&lt;fieldValue>123569351  &lt;/fieldValue>&lt;fieldValue>N&lt;/fieldValue>&lt;fieldValue>N&lt;/fieldValue>&lt;fieldValue>0123569351&lt;/fieldValue>&lt;fieldValue>0123569338&lt;/fieldValue>&lt;fieldValue>0123569351&lt;/fieldValue>&lt;fieldValue>0000831998&lt;/fieldValue>&lt;fieldValue>0000000000&lt;/fieldValue>&lt;fieldValue>0082556&lt;/fieldValue>&lt;fieldValue>OPERATOR  &lt;/fieldValue>&lt;fieldValue>0000000000000000&lt;/fieldValue>&lt;fieldValue>180&lt;/fieldValue>&lt;fieldValue>   &lt;/fieldValue>&lt;fieldValue>   &lt;/fieldValue>&lt;fieldValue/>&lt;/FieldValues>&lt;/xsl:param>&lt;xsl:param name="varMetadataXML" as="element()">&lt;Metadata>&lt;Column Index="1">&lt;Name Type="DECIMAL" Size1_="15" Size2__="0">RowIndex&lt;/Name>&lt;Value>21&lt;/Value>&lt;/Column>&lt;Column Index="2">&lt;Name Type="VARCHAR" Size1_="1" Size2__="">TransactionType&lt;/Name>&lt;Value>U&lt;/Value>&lt;/Column>&lt;Column Index="3">&lt;Name Type="VARCHAR" Size1_="26" Size2__="">MW_TRANSACTION_DATETIME&lt;/Name>&lt;Value>02014-07-22 15:36:29.467&lt;/Value>&lt;/Column>&lt;Column Index="4">&lt;Name Type="VARCHAR" Size1_="26" Size2__="">AS_TRANSACTION_DATETIME&lt;/Name>&lt;Value>2014-06-30-18.10.15.279000&lt;/Value>&lt;/Column>&lt;Column Index="5">&lt;Name Type="DECIMAL" Size1_="3" Size2__="0">Priority&lt;/Name>&lt;Value>1&lt;/Value>&lt;/Column>&lt;/Metadata>&lt;/xsl:param>&lt;xsl:param name="varStrDateStrip" select="*"/>&lt;xsl:template match="/">&lt;queries>&lt;query type="call">&lt;method name="{'STAGING.SPINSERTMONITOR'}">&lt;!--Metadata Fields-->&lt;parameter direction="IN" type="VARCHAR">&lt;xsl:value-of select="$varStrDateStrip"/>&lt;/parameter>&lt;/method>&lt;/query>&lt;/queries>
  &lt;/xsl:template>
  
&lt;/xsl:stylesheet></Property>
	<Property name="xslt.source">file:/C:/Users/aj83993/AppData/Roaming/inubit/Toolset/6.1/work/10.128.49.76_8000/root/tmp/06451f210aadab170f82ccd1df777936</Property>
	<Property name="xslt.target"></Property>
	<Property name="xslt.saveAtServer">false</Property>
</Properties>