<?xml version='1.0' encoding='UTF-8'?>

<Properties version="4.1">
	<Property name="useStaticQuery" type="Boolean">false</Property>
	<Property name="pool.timeBetweenEvictionRunsMillis">-1</Property>
	<Property name="pool.maxActive">100</Property>
	<Property name="autoTypeRecognition" type="Boolean">true</Property>
	<Property name="Timeout" type="Boolean">true</Property>
	<Property name="COLUMN_VALUE">Value</Property>
	<Property name="pool.minIdle">0</Property>
	<Property name="RetryInterval" type="Integer">660</Property>
	<Property name="RemoteConnector" type="Boolean">false</Property>
	<Property name="ListenerConnector" type="Boolean">false</Property>
	<Property name="SCHEDULER" type="Boolean">false</Property>
	<Property name="IsActive">true</Property>
	<Property name="driverClass">com.ibm.as400.access.AS400JDBCDriver</Property>
	<Property name="Password" type="Password" encrypted="true">oLG00DGCzgZMWon/I+j8Gg==</Property>
	<Property name="dbURL">jdbc:as400://AMWKOR01;prompt=false;naming=sql;errors=full;transaction isolation=none;date format=iso</Property>
	<Property name="ID">id</Property>
	<Property name="trimQueryValue" type="Boolean">false</Property>
	<Property name="user">AJBPMRPU</Property>
	<Property name="ROW">Row</Property>
	<Property name="outputClass">com.inubit.ibis.utils.query.ResultSetToXml</Property>
	<Property name="cacheAutoTypeRecognition" type="Boolean">false</Property>
	<Property name="pool.testWhileIdle" type="Boolean">false</Property>
	<Property name="ErrorSuppression" type="Boolean">true</Property>
	<Property name="OutputConnector" type="Boolean">true</Property>
	<Property name="allwaysEnvelope" type="Boolean">false</Property>
	<Property name="useISLogDB" type="Boolean">false</Property>
	<Property name="WRITE_ID" type="Boolean">false</Property>
	<Property name="RESULT_SET">ResultSet</Property>
	<Property name="TimeoutInterval" type="Integer">600</Property>
	<Property name="InputConnector" type="Boolean">true</Property>
	<Property name="pool.testOnBorrow" type="Boolean">false</Property>
	<Property name="pool.testOnReturn" type="Boolean">false</Property>
	<Property name="connectionPooling" type="Boolean">true</Property>
	<Property name="pool.whenExhaustedAction" type="Integer">2</Property>
	<Property name="ignoreErrors" type="Boolean">false</Property>
	<Property name="trimOutputValue" type="Boolean">false</Property>
	<Property name="pool.numTestsPerEvictionRun">3</Property>
	<Property name="markNullValue" type="Boolean">false</Property>
	<Property name="pool.maxIdle">4</Property>
	<Property name="pool.maxWait">500</Property>
	<Property name="pool.validationQuery"></Property>
	<Property name="pool.minEvictableIdleTimeMillis">1800000</Property>
	<Property name="RetryNumber" type="Integer">0</Property>
	<Property name="COLUMN">Column</Property>
	<Property name="metadata" type="Boolean">false</Property>
	<Property name="xsdTypesOutput" type="Boolean">false</Property>
	<Property name="COLUMN_NAME">Name</Property>
	<Property name="autoCommit" type="Boolean">false</Property>
</Properties>