<?xml version='1.0' encoding='UTF-8'?>

<Properties version="4.1">
	<Property name="xslt.ignoreInput">false</Property>
	<Property name="ErrorSuppression" type="Boolean">true</Property>
	<Property name="xslt.params" type="List">
		<Property name="varBufTableName">varBufTableName</Property>
		<Property name="varSeparator">varSeparator</Property>
		<Property name="varCountryCode">varCountryCode</Property>
	</Property>
	<Property name="xslt.transformer">net.sf.saxon.TransformerFactoryImpl</Property>
	<Property name="xslt.base64Zipped">true</Property>
	<Property name="xslt.stylesheet" type="XmlDocument">&lt;?xml version="1.0" encoding="UTF-8"?>
&lt;xsl:stylesheet xmlns:xsl="http://www.w3.org/1999/XSL/Transform" xmlns:xs="http://www.w3.org/2001/XMLSchema" xmlns:xsi="http://www.w3.org/2001/XMLSchema-instance" exclude-result-prefixes="xs" version="2.0">
  &lt;xsl:output method="xml" encoding="UTF-8"/>&lt;xsl:param name="varBufTableName">JPNBUFL1  &lt;/xsl:param>&lt;xsl:param name="varSeparator">Ð&lt;/xsl:param>&lt;xsl:param name="varCountryCode">070&lt;/xsl:param>
  &lt;xsl:template match="/">&lt;Row>&lt;C>&lt;xsl:value-of select="$varCountryCode"/>&lt;/C>&lt;S>&lt;xsl:value-of select="$varSeparator"/>&lt;/S>&lt;BT>&lt;xsl:value-of select="$varBufTableName"/>&lt;/BT>&lt;BS>&lt;xsl:value-of select="/Row/BS/text()"/>&lt;/BS>&lt;ST>&lt;xsl:value-of select="/Row/ST/text()"/>&lt;/ST>&lt;SD>&lt;xsl:value-of select="/Row/SD/text()"/>&lt;/SD>&lt;TC>&lt;xsl:value-of select="/Row/TC/text()"/>&lt;/TC>&lt;/Row>
  &lt;/xsl:template>
&lt;/xsl:stylesheet></Property>
	<Property name="xslt.source">&lt;?xml version="1.0" encoding="UTF-8"?>
&lt;Row>&lt;BS>950946&lt;/BS>&lt;ST>OORDDTA&lt;/ST>&lt;SD>123553393Ð38243ÐSOPÐDÐ11409Ð11409Ð1140910Ð0Ð03Ð01Ð3351269Ð01Ð3351269ÐÐ0Ð0Ð070Ð1Ð5465741Ð3351269Ð1Ð19764.00Ð19440.00Ð.00Ð.00Ð324.00Ð.00Ð.00Ð.00Ð.00Ð.00Ð.00Ð.00Ð.00Ð21600.00Ð15560.00Ð1.11ÐC08ÐDÐNÐ11409Ð0Ð0Ð0Ð1140912Ð60356Ð1ÐKÐ001Ð0Ð0ÐNÐNÐNÐCÐPÐYÐYÐNÐNÐÐYÐYÐYÐ0Ð0ÐNÐ1140910ÐÐ30903300444ÐNÐNÐ123553393Ð123553393Ð123553393Ð123553393Ð123553393Ð193916ÐAJ83891Ð.00ÐÐÐÐ&lt;/SD>&lt;TC>U&lt;/TC>&lt;/Row></Property>
	<Property name="xslt.target">&lt;?xml version="1.0" encoding="UTF-8"?>
&lt;Row>&lt;BS>950946&lt;/BS>&lt;ST>OORDDTA&lt;/ST>&lt;SD>123553393Ð38243ÐSOPÐDÐ11409Ð11409Ð1140910Ð0Ð03Ð01Ð3351269Ð01Ð3351269ÐÐ0Ð0Ð070Ð1Ð5465741Ð3351269Ð1Ð19764.00Ð19440.00Ð.00Ð.00Ð324.00Ð.00Ð.00Ð.00Ð.00Ð.00Ð.00Ð.00Ð.00Ð21600.00Ð15560.00Ð1.11ÐC08ÐDÐNÐ11409Ð0Ð0Ð0Ð1140912Ð60356Ð1ÐKÐ001Ð0Ð0ÐNÐNÐNÐCÐPÐYÐYÐNÐNÐÐYÐYÐYÐ0Ð0ÐNÐ1140910ÐÐ30903300444ÐNÐNÐ123553393Ð123553393Ð123553393Ð123553393Ð123553393Ð193916ÐAJ83891Ð.00ÐÐÐÐ&lt;/SD>&lt;TC>U&lt;/TC>&lt;/Row></Property>
	<Property name="xslt.sourceVariables" type="Map">
		<Property name="ISWorkflowName">Apac-Stg-LB-1RecordDistWrapper</Property>
		<Property name="ISServerName">ip-10-128-49-207.ap-southeast-1.compute.internal</Property>
		<Property name="ISInvokingWorkflow">Apac-Stg-RecordDistributorDM</Property>
		<Property name="ISModuleId">5</Property>
		<Property name="ISGlobalProcessId">70479|Apac-Stg-RecordDistributorDM|04:52:22|04:52:22</Property>
		<Property name="ISUserName">Amway</Property>
		<Property name="varCountryCode">070</Property>
		<Property name="ISInvokingModule">WC-ProcBufData1</Property>
		<Property name="ISCurrentTime">1431679942658</Property>
		<Property name="varBufTableName">JPNBUFL1  </Property>
		<Property name="varSeparator">Ð</Property>
		<Property name="varBufBatPickupTime">2015-05-15 04:52:22.607</Property>
		<Property name="varPriority">L</Property>
		<Property name="ISProcessId">118376</Property>
		<Property name="ISModuleName">Demux</Property>
	</Property>
	<Property name="xslt.saveAtServer">true</Property>
</Properties>