<?xml version='1.0' encoding='UTF-8'?>

<Properties version="4.1">
	<Property name="xslt.ignoreInput">false</Property>
	<Property name="xslt.sourceVariablesURL">file:/C:/Users/aj83739/AppData/Roaming/inubit/Toolset/6.1/work/10.128.49.207_8000/root/tmp/56f5fbc50aac48dc63d3cc2d1c7eaa77</Property>
	<Property name="xslt.params" type="List">
		<Property name="varBufferSequence">varBufferSequence</Property>
		<Property name="varBufBatPickupTime">varBufBatPickupTime</Property>
		<Property name="varBufRow">varBufRow</Property>
	</Property>
	<Property name="xslt.transformer">net.sf.saxon.TransformerFactoryImpl</Property>
	<Property name="xslt.base64Zipped">true</Property>
	<Property name="xslt.stylesheet" type="XmlDocument">&lt;?xml version="1.0" encoding="UTF-8"?>
&lt;xsl:stylesheet xmlns:xsl="http://www.w3.org/1999/XSL/Transform" xmlns:xs="http://www.w3.org/2001/XMLSchema" xmlns:xsi="http://www.w3.org/2001/XMLSchema-instance" xmlns:formatter="com.inubit.ibis.xsltext.Formatter" xmlns:fn="http://www.w3.org/2005/xpath-functions" version="2.0" exclude-result-prefixes="xs formatter">
  &lt;xsl:output method="xml" encoding="UTF-8"/>&lt;xsl:param name="varBufferSequence">950947&lt;/xsl:param>&lt;xsl:param name="varBufBatPickupTime"/>&lt;xsl:param name="varBufRow" as="element()">&lt;Row>&lt;Column>&lt;Name>DFA4NB&lt;/Name>&lt;Value>1&lt;/Value>&lt;/Column>&lt;Column>&lt;Name>DFADCD&lt;/Name>&lt;Value>DFC&lt;/Value>&lt;/Column>&lt;Column>&lt;Name>DFAECD&lt;/Name>&lt;Value>OHD&lt;/Value>&lt;/Column>&lt;Column>&lt;Name>DFAFCD&lt;/Name>&lt;Value>OORDDTA&lt;/Value>&lt;/Column>&lt;Column>&lt;Name>DFAHTX&lt;/Name>&lt;Value>123569351Ð&lt;/Value>&lt;/Column>&lt;Column>&lt;Name>DFEHTX&lt;/Name>&lt;Value>180&lt;/Value>&lt;/Column>&lt;Column>&lt;Name>DFEJTX&lt;/Name>&lt;Value>180&lt;/Value>&lt;/Column>&lt;Column>&lt;Name>DFFNTX&lt;/Name>&lt;Value>0123569351Ð044622ÐCOPÐDÐ011404Ð011404Ð01140401Ð01140401Ð09      Ð09      Ð000006143815Ð09      Ð000006143815Ð Ð000000000000Ð0000Ð180Ð0001Ð000005935062Ð000006143815Ð0001Ð0000000029560000Ð0000000026874000Ð0000000000000000Ð0000000000000000Ð0000000000000000Ð0000000000000000Ð0000000000000000Ð0000000000000000Ð0000000000000000Ð0000000002686000Ð0000000000000000Ð0000000000000000Ð0000000000000000Ð0000000029700000Ð0000000019276400Ð000000001116Ð102ÐDÐNÐ011404Ð01140402Ð0000000Ð0000000Ð01140402Ð00081454Ð0000ÐPÐ1C6Ð000000Ð080903ÐNÐYÐNÐCÐPÐYÐYÐNÐNÐYÐYÐYÐYÐ01140401Ð0082556ÐNÐ01140401Ð000  Ð123569351  ÐNÐNÐ0123569351Ð0123569338Ð0123569351Ð0000831998Ð0000000000Ð0082556ÐOPERATOR  Ð0000000000000000Ð180Ð   Ð   Ð&lt;/Value>&lt;/Column>&lt;Column>&lt;Name>DFACST&lt;/Name>&lt;Value>I&lt;/Value>&lt;/Column>&lt;Column>&lt;Name>DFADST&lt;/Name>&lt;Value>3&lt;/Value>&lt;/Column>&lt;Column>&lt;Name>DFEGTX&lt;/Name>&lt;Value>2014-07-31 11:18:15.432&lt;/Value>&lt;/Column>&lt;Column>&lt;Name>DFABNB&lt;/Name>&lt;Value>1&lt;/Value>&lt;/Column>&lt;Column>&lt;Name>DFAEST&lt;/Name>&lt;Value>A&lt;/Value>&lt;/Column>&lt;Column>&lt;Name>DFA6ST&lt;/Name>&lt;Value/>&lt;/Column>&lt;Column>&lt;Name>DFA7ST&lt;/Name>&lt;Value/>&lt;/Column>&lt;Column>&lt;Name>DFA8ST&lt;/Name>&lt;Value/>&lt;/Column>&lt;Column>&lt;Name>DFBFST&lt;/Name>&lt;Value/>&lt;/Column>&lt;Column>&lt;Name>DFA9ST&lt;/Name>&lt;Value>Y&lt;/Value>&lt;/Column>&lt;Column>&lt;Name>DFBGST&lt;/Name>&lt;Value>1&lt;/Value>&lt;/Column>&lt;Column>&lt;Name>DFBAST&lt;/Name>&lt;Value/>&lt;/Column>&lt;Column>&lt;Name>DFBHST&lt;/Name>&lt;Value/>&lt;/Column>&lt;Column>&lt;Name>DFBBST&lt;/Name>&lt;Value/>&lt;/Column>&lt;Column>&lt;Name>DFBIST&lt;/Name>&lt;Value/>&lt;/Column>&lt;Column>&lt;Name>DFBCST&lt;/Name>&lt;Value/>&lt;/Column>&lt;Column>&lt;Name>DFBJST&lt;/Name>&lt;Value/>&lt;/Column>&lt;Column>&lt;Name>DFBDST&lt;/Name>&lt;Value/>&lt;/Column>&lt;Column>&lt;Name>DFBKST&lt;/Name>&lt;Value/>&lt;/Column>&lt;Column>&lt;Name>DFBEST&lt;/Name>&lt;Value/>&lt;/Column>&lt;Column>&lt;Name>DFBLST&lt;/Name>&lt;Value/>&lt;/Column>&lt;Column>&lt;Name>DFBMST&lt;/Name>&lt;Value/>&lt;/Column>&lt;Column>&lt;Name>DFBOST&lt;/Name>&lt;Value/>&lt;/Column>&lt;Column>&lt;Name>DFBNST&lt;/Name>&lt;Value/>&lt;/Column>&lt;Column>&lt;Name>DFBPST&lt;/Name>&lt;Value/>&lt;/Column>&lt;Column>&lt;Name>DFBJNB&lt;/Name>&lt;Value>1&lt;/Value>&lt;/Column>&lt;Column>&lt;Name>DFBKNB&lt;/Name>&lt;Value>0&lt;/Value>&lt;/Column>&lt;/Row>&lt;/xsl:param>
  &lt;xsl:template match="/">&lt;Metadata>&lt;Column>
          &lt;Name Type="Nvarchar" Size1_="1" Size2__="">&lt;xsl:value-of select="'TransactionType'"/>&lt;/Name>&lt;Value>&lt;xsl:value-of select="$varBufRow/TC/text()"/>&lt;/Value>
        &lt;/Column>&lt;Column>
          &lt;Name Type="Nvarchar" Size1_="26" Size2__="">&lt;xsl:value-of select="'MW_TRANSACTION_DATETIME'"/>&lt;/Name>&lt;Value>&lt;xsl:value-of select="$varBufBatPickupTime"/>&lt;/Value>
        &lt;/Column>&lt;Column>
          &lt;Name Type="Nvarchar" Size1_="26" Size2__="">&lt;xsl:value-of select="'AS_TRANSACTION_DATETIME'"/>&lt;/Name>&lt;Value>&lt;xsl:value-of select="$varBufBatPickupTime"/>&lt;/Value>
        &lt;/Column>&lt;Column>
          &lt;Name Type="Decimal" Size1_="1" Size2__="0">&lt;xsl:value-of select="'Priority'"/>&lt;/Name>&lt;Value>1&lt;/Value>
        &lt;/Column>&lt;Column>
          &lt;Name Type="Decimal" Size1_="30" Size2__="0">&lt;xsl:value-of select="'BufRecSeqNo'"/>&lt;/Name>&lt;Value>&lt;xsl:value-of select="$varBufferSequence"/>&lt;/Value>
        &lt;/Column>&lt;Column>
          &lt;Name Type="Nvarchar" Size1_="10" Size2__="">&lt;xsl:value-of select="'BufferTableName'"/>&lt;/Name>&lt;Value>&lt;xsl:value-of select="$varBufRow/BT/text()"/>&lt;/Value>
        &lt;/Column>&lt;/Metadata>
  &lt;/xsl:template>
&lt;/xsl:stylesheet></Property>
	<Property name="xslt.source">file:/C:/Users/aj83739/AppData/Roaming/inubit/Toolset/6.1/work/10.128.49.207_8000/root/tmp/56f5fbc50aac48dc63d3cc2d610d4cbd</Property>
	<Property name="xslt.target"></Property>
	<Property name="xslt.saveAtServer">false</Property>
</Properties>