<?xml version='1.0' encoding='UTF-8'?>

<Properties version="4.1">
	<Property name="IgnoreWaitingAndError" type="Boolean">false</Property>
	<Property name="WorkflowName">Apac-Stg-AsyncH</Property>
	<Property name="ErrorHandling" type="Boolean">true</Property>
	<Property name="ErrorSuppression" type="Boolean">true</Property>
	<Property name="CreateNewProcessId" type="Boolean">false</Property>
	<Property name="ModuleNameAndId">Call_1RecordProcessorTWF(1)</Property>
	<Property name="SynchronousMode" type="Boolean">false</Property>
</Properties>