<?xml version='1.0' encoding='UTF-8'?>

<Properties version="4.1">
	<Property name="ErrorSuppression" type="Boolean">true</Property>
	<Property name="xslt.base64Zipped">true</Property>
	<Property name="xslt.ignoreInput">true</Property>
	<Property name="xslt.params" type="List" />
	<Property name="xslt.saveAtServer">false</Property>
	<Property name="xslt.source"></Property>
	<Property name="xslt.stylesheet" type="XmlDocument">&lt;?xml version="1.0" encoding="UTF-8"?>
&lt;xsl:stylesheet xmlns:xsl="http://www.w3.org/1999/XSL/Transform" xmlns:xs="http://www.w3.org/2001/XMLSchema" xmlns:xsi="http://www.w3.org/2001/XMLSchema-instance" exclude-result-prefixes="xs" version="2.0">
  &lt;xsl:output method="xml" encoding="UTF-8"/>
  &lt;xsl:template match="/">&lt;queries xmlns:fn="http://www.w3.org/2005/xpath-functions">&lt;query type="call">&lt;method name="STAGING.SPManageReconciliation"/>&lt;/query>&lt;/queries>
  &lt;/xsl:template>
&lt;/xsl:stylesheet></Property>
	<Property name="xslt.target"></Property>
	<Property name="xslt.transformer">net.sf.saxon.TransformerFactoryImpl</Property>
</Properties>