<?xml version='1.0' encoding='UTF-8'?>

<Properties version="4.1">
	<Property name="xslt.ignoreInput">false</Property>
	<Property name="ErrorSuppression" type="Boolean">true</Property>
	<Property name="xslt.params" type="List">
		<Property name="varToken">varToken</Property>
	</Property>
	<Property name="xslt.transformer">net.sf.saxon.TransformerFactoryImpl</Property>
	<Property name="xslt.base64Zipped">true</Property>
	<Property name="xslt.stylesheet" type="XmlDocument">&lt;?xml version="1.0" encoding="UTF-8"?>
&lt;xsl:stylesheet xmlns:xsl="http://www.w3.org/1999/XSL/Transform" xmlns:xs="http://www.w3.org/2001/XMLSchema" xmlns:xsi="http://www.w3.org/2001/XMLSchema-instance" xmlns:fn="http://www.w3.org/2005/xpath-functions" exclude-result-prefixes="xs" version="2.0">
  &lt;xsl:output method="xml" encoding="UTF-8"/>&lt;xsl:param name="varToken">Ð&lt;/xsl:param>
  &lt;xsl:template match="/">&lt;FieldValues>&lt;xsl:for-each select="fn:tokenize(fn:substring(/Row/SD/text(), 1, fn:string-length(/Row/SD/text())-1), /Row/S/text())">&lt;fieldValue>&lt;xsl:value-of select="."/>&lt;/fieldValue>&lt;/xsl:for-each>&lt;/FieldValues>
  &lt;/xsl:template>
&lt;/xsl:stylesheet></Property>
	<Property name="xslt.source">&lt;?xml version="1.0" encoding="UTF-8"?>
&lt;Row xmlns:xsi="http://www.w3.org/2001/XMLSchema-instance">&lt;C>070&lt;/C>&lt;S>Ð&lt;/S>&lt;BT>JPNBUFL1  &lt;/BT>&lt;BS>950947&lt;/BS>&lt;ST>OORDDTA&lt;/ST>&lt;SD>123553394Ð38275ÐSOPÐDÐ11409Ð11409Ð1140912Ð0Ð08Ð01Ð4048089Ð01Ð4048089ÐÐ0Ð0Ð070Ð1Ð4990400Ð4048089Ð1Ð11660.00Ð11660.00Ð.00Ð.00Ð.00Ð.00Ð.00Ð.00Ð.00Ð.00Ð.00Ð.00Ð.00Ð12960.00Ð9330.00Ð1.34ÐU05ÐDÐNÐ11409Ð0Ð0Ð0Ð1140912Ð60355Ð1ÐKÐ001Ð0Ð0ÐNÐNÐNÐCÐYÐYÐYÐNÐNÐÐYÐYÐYÐ0Ð0ÐNÐ1140912ÐÐ80903300445ÐNÐNÐ123553394Ð123553394Ð123553394Ð123553394Ð123553394Ð193916ÐAJ83891Ð.00ÐÐÐÐ&lt;/SD>&lt;TC>U&lt;/TC>&lt;/Row></Property>
	<Property name="xslt.target">&lt;?xml version="1.0" encoding="UTF-8"?>
</Property>
	<Property name="xslt.sourceVariables" type="Map">
		<Property name="ISWorkflowName">Apac-Stg-ProcessBufferData</Property>
		<Property name="ISServerName">ip-10-128-49-207.ap-southeast-1.compute.internal</Property>
		<Property name="varStrDateStrip">118381|Apac-Stg-ProcessBufferData|05:23:36</Property>
		<Property name="ISInvokingWorkflow">Apac-Stg_1Rec_ListenerL</Property>
		<Property name="ISModuleId">2133998115</Property>
		<Property name="varBufRow" type="XmlDocument">&lt;?xml version="1.0" encoding="UTF-8"?>
&lt;Row xmlns:xsi="http://www.w3.org/2001/XMLSchema-instance">&lt;C>070&lt;/C>&lt;S>Ð&lt;/S>&lt;BT>JPNBUFL1  &lt;/BT>&lt;BS>950947&lt;/BS>&lt;ST>OORDDTA&lt;/ST>&lt;SD>123553394Ð38275ÐSOPÐDÐ11409Ð11409Ð1140912Ð0Ð08Ð01Ð4048089Ð01Ð4048089ÐÐ0Ð0Ð070Ð1Ð4990400Ð4048089Ð1Ð11660.00Ð11660.00Ð.00Ð.00Ð.00Ð.00Ð.00Ð.00Ð.00Ð.00Ð.00Ð.00Ð.00Ð12960.00Ð9330.00Ð1.34ÐU05ÐDÐNÐ11409Ð0Ð0Ð0Ð1140912Ð60355Ð1ÐKÐ001Ð0Ð0ÐNÐNÐNÐCÐYÐYÐYÐNÐNÐÐYÐYÐYÐ0Ð0ÐNÐ1140912ÐÐ80903300445ÐNÐNÐ123553394Ð123553394Ð123553394Ð123553394Ð123553394Ð193916ÐAJ83891Ð.00ÐÐÐÐ&lt;/SD>&lt;TC>U&lt;/TC>&lt;/Row></Property>
		<Property name="varFieldValueTags" type="XmlDocument">&lt;?xml version="1.0" encoding="UTF-8"?>
&lt;is:anyElement xmlns:is="http://inubit.com/variables/types">&amp;lt;FieldValues&amp;gt;&amp;lt;/FieldValues&amp;gt;&lt;/is:anyElement></Property>
		<Property name="varToken">Ð</Property>
		<Property name="varTableName">OORDDTA</Property>
		<Property name="ISUserName">Amway</Property>
		<Property name="ISGlobalProcessId">118381</Property>
		<Property name="varCountryCode">070</Property>
		<Property name="ISInvokingModule">Call_1RecordProcessorTWF</Property>
		<Property name="ISCurrentTime">1431681816802</Property>
		<Property name="varSrcTime">2015-05-01-14.55.59.839000</Property>
		<Property name="varBufferSequence">950947</Property>
		<Property name="varBufBatPickupTime">2015-05-15 05:07:41.271</Property>
		<Property name="ISProcessId">118382</Property>
		<Property name="ISModuleName">Scope@@@Begin</Property>
	</Property>
	<Property name="xslt.saveAtServer">true</Property>
</Properties>