<?xml version='1.0' encoding='UTF-8'?>

<Properties version="4.1">
	<Property name="xslt.ignoreInput">false</Property>
	<Property name="ErrorSuppression" type="Boolean">true</Property>
	<Property name="xslt.params" type="List">
		<Property name="varBufferSequence">varBufferSequence</Property>
		<Property name="varBufBatPickupTime">varBufBatPickupTime</Property>
		<Property name="varTableName">varTableName</Property>
		<Property name="varFieldValueTags">varFieldValueTags</Property>
	</Property>
	<Property name="xslt.transformer">net.sf.saxon.TransformerFactoryImpl</Property>
	<Property name="xslt.base64Zipped">true</Property>
	<Property name="xslt.stylesheet" type="XmlDocument">&lt;?xml version="1.0" encoding="UTF-8"?>
&lt;xsl:stylesheet xmlns:xsl="http://www.w3.org/1999/XSL/Transform" xmlns:xs="http://www.w3.org/2001/XMLSchema" xmlns:xsi="http://www.w3.org/2001/XMLSchema-instance" xmlns:formatter="com.inubit.ibis.xsltext.Formatter" version="2.0" exclude-result-prefixes="xs formatter">  
     &lt;xsl:output method="xml" encoding="UTF-8"/>
     &lt;xsl:param name="varBufferSequence"/>
     &lt;xsl:param name="varBufBatPickupTime"/>  
     &lt;xsl:param name="varTableName"/>  
     &lt;xsl:param name="varFieldValueTags" as="element()"/>  
     &lt;xsl:template match="/"> 
          &lt;queries xmlns:fn="http://www.w3.org/2005/xpath-functions">  
               &lt;query type="call"> 
                    &lt;method name="{concat('STAGING.SPInsertSTG_',$varTableName)}">&lt;xsl:for-each select="fn:tokenize(fn:substring(/Row/SD/text(), 1, fn:string-length(/Row/SD/text())-1), /Row/S/text())"> 
                              &lt;parameter direction="IN" type="VARCHAR"> 
                                   &lt;xsl:value-of select="."/&gt; 
                              &lt;/parameter> 
                         &lt;/xsl:for-each>
                           

                         &lt;parameter direction="IN" type="VARCHAR"> 
                              &lt;xsl:value-of select="Row/TC/text()"/> 
                         &lt;/parameter>
                         &lt;parameter direction="IN" type="VARCHAR"> 
                              &lt;xsl:value-of select="$varBufBatPickupTime"/> 
                         &lt;/parameter>
                         &lt;parameter direction="IN" type="VARCHAR"> 
                              &lt;xsl:value-of select="$varBufBatPickupTime"/> 
                         &lt;/parameter>
                         &lt;parameter direction="IN" type="NUMERIC">1&lt;/parameter>
                         &lt;parameter direction="IN" type="NUMERIC">
                              &lt;xsl:value-of select="$varBufferSequence"/> 
                         &lt;/parameter>
                         &lt;parameter direction="IN" type="VARCHAR"> 
                              &lt;xsl:value-of select="Row/BT/text()"/> 
                         &lt;/parameter>  
                         &lt;parameter direction="OUT" type="VARCHAR"/>  
                         &lt;parameter direction="OUT" type="VARCHAR"/>  
                         &lt;parameter direction="OUT" type="VARCHAR"/> 
                    &lt;/method> 
               &lt;/query> 
          &lt;/queries> 
     &lt;/xsl:template> 
&lt;/xsl:stylesheet></Property>
	<Property name="xslt.source"></Property>
	<Property name="xslt.target"></Property>
	<Property name="xslt.saveAtServer">false</Property>
</Properties>