<?xml version='1.0' encoding='UTF-8'?>

<Properties version="4.1">
	<Property name="END_TIME_POINT">00:00</Property>
	<Property name="START_TIME">00:00</Property>
	<Property name="UseStaticOutputMessageFile" type="Boolean">false</Property>
	<Property name="InErrorCaseWriteToLog" type="Boolean">false</Property>
	<Property name="SCHEDULER" type="Boolean">true</Property>
	<Property name="ErrorSuppression" type="Boolean">true</Property>
	<Property name="GUI_TIME_ZONE">Asia/Calcutta</Property>
	<Property name="DAY"></Property>
	<Property name="START_DATE">16.03.2015</Property>
	<Property name="ALL">10</Property>
	<Property name="SUB_JOB">SECOND</Property>
	<Property name="END_DATE">31.12.2064</Property>
</Properties>